A9DB5368-D449-44C9-A824-2E5BFF0642AE,Toby Christian,01/01/1960,550,-10000
00B69C9E-521B-4FFB-BFD4-58A07F5B8B5A,Jackie Strickland,02/01/1960,549,-9980.01
33EA0099-F014-4E5C-AD7F-BF14774E8277,Clara Taylor,03/01/1960,548,-9960.02
56A12B74-32A1-4232-8219-8537E1CF952F,Deandre Chang,04/01/1960,547,-9940.03
221C704B-86CD-4F23-8581-965914804D07,Maggie Nguyen,05/01/1960,546,-9920.04
12C654B1-CAD2-4BAC-A520-7D29E865A130,Bennie Simon,06/01/1960,545,-9900.05
A81A1772-18C3-4625-B422-6C1D525CC839,Clair Thomas,07/01/1960,544,-9880.06
BF4CFE5F-CE75-45EF-B6C7-6E585150EB9C,Pierre Garza,08/01/1960,543,-9860.07
A5BEA7D8-6DF1-4EE7-BFBC-646995C14C39,Johanna Barnes,09/01/1960,542,-9840.08
196D937B-0BA6-456D-9910-0C02148A465B,Sanford Franklin,10/01/1960,541,-9820.09
086DC78F-A613-47C3-8F04-001E1035E07D,Terence Patton,11/01/1960,540,-9800.1
6976A6B2-AE85-43B3-AC0D-B311F3FBBF49,Rudolph Kerr,12/01/1960,539,-9780.11
B59C64D6-148A-4669-93BF-43A67900984E,Ivory Williams,13/01/1960,538,-9760.12
95E8BF00-FEF1-41DD-A0CD-289281B1E64D,Dawn Dawson,14/01/1960,537,-9740.13
37B2D92A-E242-4856-B4BD-A93A410C044D,Rickey Levine,15/01/1960,536,-9720.14
C833D325-3A23-43E1-8829-9C9C2BF04EF6,Donna Holder,16/01/1960,535,-9700.15
E31239C1-34B5-4BCC-BEDD-EE0A753F526B,Omer Hanson,17/01/1960,534,-9680.16
FA357081-85A5-49FF-B6C1-4EB5ADD58D67,Cameron Waller,18/01/1960,533,-9660.17
0F58B3FC-FC3A-4093-866D-C7024A460C54,Shannon Mooney,19/01/1960,532,-9640.18
0A1C37FE-DC67-4050-9C2D-9BDD6834B4B3,Delbert Sanders,20/01/1960,531,-9620.19
84D3352A-AEAC-405E-9E61-1E60596AF01B,Geraldine Bolton,21/01/1960,530,-9600.2
7E007097-5D5D-48D1-8467-4EAEB3E9DC9D,Opal Cummings,22/01/1960,529,-9580.21
1A163130-93BC-4950-803D-0E582BF7A945,Brock Novak,23/01/1960,528,-9560.22
88ACB850-D89D-49BD-B7E0-BB62E0F261FA,Delmar Goodman,24/01/1960,527,-9540.23
09870289-0829-43F7-BFDE-D216F1B69F66,Tricia Shields,25/01/1960,526,-9520.24
DD866B82-7A10-4AD0-8DCF-B80A9C15FE41,Sandra Ryan,26/01/1960,525,-9500.25
6512B4B5-FBC4-4C42-8408-A35C693FEED2,Gerard Edwards,27/01/1960,524,-9480.26
885231E5-1248-4444-89C6-D22B626BC687,Anna Velez,28/01/1960,523,-9460.27
489402DB-656F-4428-B6A9-7EB8BA5649E0,Ismael Woodward,29/01/1960,522,-9440.28
1068CB52-6359-4827-8EC9-0670DE1A2C1C,Gonzalo Serrano,30/01/1960,521,-9420.29
8ACFE14E-AD9D-48A2-8885-221963E2AAAD,Pete Benjamin,31/01/1960,520,-9400.3
1299CAAA-14E9-454B-8FD5-06C9B81BF72F,Felicia Andersen,01/02/1960,519,-9380.31
3918F450-FA94-4FB8-807B-A087E8DF372A,Carrol Lopez,02/02/1960,518,-9360.32
F607B5FC-EA25-4A2B-A6BC-F2222EE4CBA2,Clint Hampton,03/02/1960,517,-9340.33
8E6A1762-F91A-401B-B87C-366F24C92BD4,Anastasia Warren,04/02/1960,516,-9320.34
541E11EC-06A2-4DB0-94FD-C73147A9F197,Trent Cherry,05/02/1960,515,-9300.35
CEC7E45F-08C8-406B-80D6-57C1197B5AE4,Selma Salazar,06/02/1960,514,-9280.36
17E7C62D-1325-4AE6-BAB0-E44570D6E8A2,Curt Mathis,07/02/1960,513,-9260.37
2E3F4BBA-C37B-41F0-89DC-B27B71FE60F5,Anibal Miles,08/02/1960,512,-9240.38
83E9E97F-462A-47C1-8751-F554075C2E1C,Bettye Shah,09/02/1960,511,-9220.39
3E2EFD4B-7024-4611-879C-C7BEA0FA82E3,Margarita Howard,10/02/1960,510,-9200.4
7B921A86-CCBB-49A2-A579-41C09EB3993D,Allen Mayo,11/02/1960,509,-9180.41
C781344E-7EE3-459F-BBD5-189CACA8856C,Rhett Oconnell,12/02/1960,508,-9160.42
ECBCDE3B-E33B-4537-AC33-41626886A257,Leanne Gilbert,13/02/1960,507,-9140.43
79163A3A-6F64-4B23-93AF-380EE9AFD3AA,Loretta Thompson,14/02/1960,506,-9120.44
324B8DE1-34AE-41EC-A2D8-18B6231B8CDC,Eugenia Brady,15/02/1960,505,-9100.45
C367201B-EAA3-4ED6-BAD8-F87AA0389A83,Janell Cortez,16/02/1960,504,-9080.46
8F31A86E-E20B-4722-BAFE-D8B784D1A980,Julie Berry,17/02/1960,503,-9060.47
235E468F-3847-4D34-A008-5FAD11F90653,Reynaldo Cunningham,18/02/1960,502,-9040.48
7BDF03B2-B4C5-453A-B716-38D9F2CA9857,Dudley Mack,19/02/1960,501,-9020.49
E1E2EED1-2729-48D4-8247-2A749466CCF0,Leif Carpenter,20/02/1960,500,-9000.5
72657D70-49C6-4013-BCEB-6562DBFD7944,Damien Walsh,21/02/1960,499,-8980.51
15925AE7-D93F-446B-86AE-0FD33132711B,Dena Bryan,22/02/1960,498,-8960.52
4CDAC195-4283-4D8B-9C77-FACF81E98E6A,Gay Stout,23/02/1960,497,-8940.53
035ED542-5560-48F9-A6A5-2ABCAC76719A,Eli Best,24/02/1960,496,-8920.54
F0DCD3FB-3A0C-4C0E-ACCA-931D13E4BF78,Dino Watts,25/02/1960,495,-8900.55
80F5E008-2707-407D-B959-F4B7254DD264,Sheri Jenkins,26/02/1960,494,-8880.56
99AA5E17-7F6A-4786-9195-05D431818CD4,Terrance Krause,27/02/1960,493,-8860.57
E37AB26F-8829-43BA-BE60-AE8BD0394842,Deana Henry,28/02/1960,492,-8840.58
EF3C452F-A7F8-4E50-BD8D-E81E538D3CCC,Clemente Oneal,29/02/1960,491,-8820.59
4B80F207-3D10-49CB-AC71-6F40F80B5CA9,Edwina Mullen,01/03/1960,490,-8800.6
2F3B2015-07F9-4EF2-A1C2-27E72A865343,Jerrold Bowen,02/03/1960,489,-8780.61
F6F5E0C5-73B1-44BB-9BE2-A2DA04875E77,Marisol Duarte,03/03/1960,488,-8760.62
A68B31BD-FD60-40F4-92D6-A16F0DA8ED2B,Brendon Guzman,04/03/1960,487,-8740.63
4C7539D6-FC39-45A8-A6B7-7721984510B0,Danilo Benton,05/03/1960,486,-8720.64
C08E4253-EC92-4BAC-8F9B-182790B7D25D,Muriel Prince,06/03/1960,485,-8700.65
A608AB61-8246-4DF8-ABF9-6E293375EDE5,Rhonda Salinas,07/03/1960,484,-8680.66
4C6C0A2F-D914-4890-A66F-82AEA2743E70,Adolfo Roy,08/03/1960,483,-8660.67
7DF0F1A9-C08B-490E-A2AA-86C85423BBFD,Reyna Scott,09/03/1960,482,-8640.68
CAAA316C-9FCF-465B-A5A2-347069DEC6FD,Ken Bennett,10/03/1960,481,-8620.69
A8860110-F575-4A9A-A5FC-5556789C27D3,Kellie Wallace,11/03/1960,480,-8600.7
FED59765-3C4C-4294-943E-ED606FC357C5,Mitchell Weiss,12/03/1960,479,-8580.71
9EA8BCB8-26C0-446F-91E9-5116E9EF0C98,Clayton Huber,13/03/1960,478,-8560.72
61756D51-673B-4E02-988A-1C41FFAF3FE2,Leandro Benson,14/03/1960,477,-8540.73
B5F8759C-ED81-4F50-A29F-C4F275E9072C,Gladys Lloyd,15/03/1960,476,-8520.74
216052BF-3B65-48D5-B94C-05D0E842F6AF,Ava Moreno,16/03/1960,475,-8500.75
741171CC-FEF4-4167-AEB7-38D5477FDFBC,Caitlin Mckinney,17/03/1960,474,-8480.76
5299D3E6-EF1B-4501-B714-954AE6F92E35,Roy Wall,18/03/1960,473,-8460.77
2722B822-9789-44AA-BB0E-5A61E6F89BFE,Felipe Stafford,19/03/1960,472,-8440.78
BA1E66AA-4556-45E3-90D2-DB4CEC9F1899,Suzette Stevenson,20/03/1960,471,-8420.79
0A5C8B71-1443-4AD1-98B5-700DC20A6EA5,Duncan Werner,21/03/1960,470,-8400.8
A3146B17-DF7D-4D25-9C8D-B44A2E90B155,Fredrick White,22/03/1960,469,-8380.81
0CBE52C3-EB31-47C7-96FE-3A7293227CEC,Kieth Bryant,23/03/1960,468,-8360.82
2A15430E-AC07-4A47-9C2D-7828C064010A,Dave Reeves,24/03/1960,467,-8340.83
2B890946-07D9-4A94-8CE5-8791B064DD95,Jayson Roach,25/03/1960,466,-8320.84
0A38A275-E2FA-4B9D-8CBC-0395385BF95E,Keenan Schneider,26/03/1960,465,-8300.85
D8794B4A-F3CF-483E-A9EF-114E38A4E811,Maryann Braun,27/03/1960,464,-8280.86
9663E9E7-295B-4C1C-9918-DA45FBE7E547,Benedict Ruiz,28/03/1960,463,-8260.87
433BEBB6-6AE4-4370-B62B-89E51DDEB312,Sharron Charles,29/03/1960,462,-8240.88
82430B9C-42B0-4A3C-9FA3-EAE5AD568B30,Roman Roman,30/03/1960,461,-8220.89
F6AE4A1E-C679-4946-B626-61647CA9941D,Brant Vasquez,31/03/1960,460,-8200.9
35A6C381-5B44-4950-A90C-9EBA3DD2A9E7,Eldridge Combs,01/04/1960,459,-8180.91
531D8534-09A5-498D-9F79-3A8B322509DA,Bernadine Franco,02/04/1960,458,-8160.92
CA3E549A-83C7-46C2-AFBB-1D0572342A74,Norbert Rogers,03/04/1960,457,-8140.93
5BFAED39-2C95-46A8-8D6F-39979B73E858,Earl Andrews,04/04/1960,456,-8120.94
96E880DA-2F66-41BD-98A5-093B6E642F52,Marcia Key,05/04/1960,455,-8100.95
2A294ED3-727C-4961-BBB5-8A4BD09A2750,Diane Craig,06/04/1960,454,-8080.96
7C17EEB2-F19A-4E3C-96BA-FC938A0F8612,Cornell Chapman,07/04/1960,453,-8060.97
15109250-316C-4E5B-9558-686D946E19B2,Rod Hansen,08/04/1960,452,-8040.98
62C6D323-C376-4442-A58A-FF50F04F508A,Cyrus Bell,09/04/1960,451,-8020.99
D57D3D0C-B1FB-44BA-9171-3D21BA084804,Jerald Cline,10/04/1960,450,-8001
BC3043D0-9063-4672-A508-E3072BF988E6,Major Baker,11/04/1960,449,-7981.01
178D8A9C-295A-431F-A3BB-A935A0A1C8D6,Meghan Farmer,12/04/1960,448,-7961.02
D532328F-6E16-4A6D-8AC5-64258A3743CC,Trinidad Allison,13/04/1960,447,-7941.03
9FE44974-835B-40F5-A1F8-8BB37EC603B2,Norman Vega,14/04/1960,446,-7921.04
F682E4C2-B259-45DB-9F10-D9BF367C98A6,Ebony Parsons,15/04/1960,445,-7901.05
4D82D5B7-36CD-42E6-9D9D-64219ACC44A5,Arthur Dougherty,16/04/1960,444,-7881.06
BE146F3E-A6F4-4804-B8EB-0B739FA53C4E,Julio Santiago,17/04/1960,443,-7861.07
24800E8D-BACE-4ECF-ABE2-38DC2D14AE5C,Toni Anthony,18/04/1960,442,-7841.08
E228CA6D-26E9-45B1-AEA6-0559BF564AD9,Carolina Haas,19/04/1960,441,-7821.09
945C98AF-3D3A-4C65-A529-34EFD5DD2E48,Savannah Blackburn,20/04/1960,440,-7801.1
0D942985-4740-458C-90C5-DDDD5A0457D5,Ben Santos,21/04/1960,439,-7781.11
7D1A2C9A-B076-4A58-BEC9-A1F0768B5BFB,Addie Herman,22/04/1960,438,-7761.12
5FD5082D-41BC-4081-8B2E-D3E8AB021F34,Jessica Dennis,23/04/1960,437,-7741.13
27E2C64A-8A2A-4FC7-9069-1C77F640A5C4,Bertie Rasmussen,24/04/1960,436,-7721.14
47536F33-AD78-48EF-A259-9F053B953BD6,Florencio Curtis,25/04/1960,435,-7701.15
8E29E77C-8501-4879-9814-04B08BAA2D06,Harold Singleton,26/04/1960,434,-7681.16
40110CCA-8BCB-46EE-BF50-6008545E459E,Jan Hays,27/04/1960,433,-7661.17
3CB98211-E65D-4D08-BEF9-390C08A8511D,Lucia Esparza,28/04/1960,432,-7641.18
7E7E2897-2073-4396-9F29-09ACC2068A42,Lindsey Molina,29/04/1960,431,-7621.19
37F6294E-24CE-43CD-9977-C021F4907E2A,Hazel Martinez,30/04/1960,430,-7601.2
35B13467-1391-4ED5-8567-0C0420395E1A,Lane Miranda,01/05/1960,429,-7581.21
1AC589B3-12BB-423C-9EBB-0D25E90509B6,Cristopher Herrera,02/05/1960,428,-7561.22
8B97A10F-4737-4827-B325-F48B47D44B12,Leonor David,03/05/1960,427,-7541.23
6E76BE55-BFAA-4BBC-BB95-C50DD5BEA5B7,Kate Robertson,04/05/1960,426,-7521.24
6CFD83CF-DBAC-44E8-8AD8-8303B81C88B0,Bertram Robles,05/05/1960,425,-7501.25
40C02B47-8499-4182-8036-ACCBD7F6BAD9,Monty Calhoun,06/05/1960,424,-7481.26
E170D5CC-4C33-495C-9931-613FCCF4A804,Eula Tanner,07/05/1960,423,-7461.27
00CF9302-260F-4DEB-B080-6E5ADD0974FA,Ethan Cruz,08/05/1960,422,-7441.28
650A7CD5-6BB8-4DB3-B17C-F4F39747D561,Maria Powell,09/05/1960,421,-7421.29
AA0D9AB6-AEB7-4EBF-B616-B73176345620,Bryan Conley,10/05/1960,420,-7401.3
E277426B-D628-4072-BE41-39CD06554EAE,Damon Beard,11/05/1960,419,-7381.31
B412B095-9DDF-4236-81F4-02A6E5D69571,Dorthy Zamora,12/05/1960,418,-7361.32
1B62467A-5695-42F9-90FD-7492CF35029D,Luther Bradford,13/05/1960,417,-7341.33
2BCB492E-F53C-42D4-9818-369344A0A224,Estelle Kelly,14/05/1960,416,-7321.34
BABEDF45-2004-40CD-916F-BB859DECD123,Lydia Yates,15/05/1960,415,-7301.35
E9420DAC-8AB0-48F3-8553-5388BCDC0E49,Marianne Hendricks,16/05/1960,414,-7281.36
591B261F-B3BB-4A3E-A2FE-BFA4FE36102E,Alissa Calderon,17/05/1960,413,-7261.37
E939E4E1-2E39-47C8-A3B9-4801C235C270,Dora Lyons,18/05/1960,412,-7241.38
FABDDFFF-C434-4910-83DF-DB26174E0AEF,Zelma Roberson,19/05/1960,411,-7221.39
95E3FD8B-95C0-4DF4-AF8B-74D0FE59C027,Jerrod Fitzgerald,20/05/1960,410,-7201.4
B1FF3A4B-90E2-4754-A703-664A85FB6AE3,Tracy Webb,21/05/1960,409,-7181.41
389A051C-B84D-4344-BCD4-CDC084A0214C,Graham Beasley,22/05/1960,408,-7161.42
9069AC8D-0729-44AE-BB44-02C9F308BDEC,Thelma Short,23/05/1960,407,-7141.43
CAFAF5E8-DC9F-4A08-BE17-E478187A09E4,Mason Estrada,24/05/1960,406,-7121.44
1B3B055E-A70A-4247-997A-345BD9CB6FEE,Jannie Zavala,25/05/1960,405,-7101.45
BE34DCF1-F07A-40E3-9961-72D706F6D1C1,Lucinda Tucker,26/05/1960,404,-7081.46
56630591-C7EA-4B2E-8E67-7B7E56246AAC,Freddy Gomez,27/05/1960,403,-7061.47
E0E2807C-426E-44D0-8593-56E0E0F182A0,Amber Pineda,28/05/1960,402,-7041.48
082EA061-B8B6-4155-9393-48DBFC25C60E,Milford Knight,29/05/1960,401,-7021.49
F885149A-61FE-48C8-A86F-87952E385DE3,Bonita Livingston,30/05/1960,400,-7001.5
B0C0439C-CAFF-4B40-B2C9-1CC18ACDCE98,Lakeisha Baxter,31/05/1960,399,-6981.51
B942C0AC-C6FD-46C1-8BDA-36120340C779,Jeannine Faulkner,01/06/1960,398,-6961.52
8762C595-411C-4725-8AEA-34C731B7B20D,Graig Sharp,02/06/1960,397,-6941.53
698BF959-8299-48EF-89F7-7527C54B47DA,Patricia Bird,03/06/1960,396,-6921.54
D0C952F7-7D31-4DEA-981E-8035AE72B852,Jamar Silva,04/06/1960,395,-6901.55
F0F38CC3-36D0-4D09-8209-76E2CBD9A99B,Angelina Arellano,05/06/1960,394,-6881.56
DA3D411A-C3A2-4FE1-A377-331C469E4258,Sterling Hensley,06/06/1960,393,-6861.57
A9D8691B-7C81-40D7-BDE2-38AADE3C9AEC,Petra Alvarez,07/06/1960,392,-6841.58
6BDC068E-605C-4129-85B2-5A95FD08345A,Johnson Roberts,08/06/1960,391,-6821.59
C70A979B-068F-49EE-9684-1D391BE116BD,Alisha Sexton,09/06/1960,390,-6801.6
48A9098C-2E31-4B18-AC23-0A5A591781C2,Isabella Martin,10/06/1960,389,-6781.61
23DCFF04-D938-4AF4-B1C2-71C6054F3FA0,Hyman Murillo,11/06/1960,388,-6761.62
0E2DDE45-1CB8-4AD0-AB1D-730A5394D01B,Fernando York,12/06/1960,387,-6741.63
3065BD77-D383-4D27-BA37-CFE906B76A9E,Loyd Ingram,13/06/1960,386,-6721.64
09A1402F-10B9-49A1-8257-812361AD9749,Rolf Daugherty,14/06/1960,385,-6701.65
7A5EA702-028C-4FE6-9ECC-241FE22BA53F,Malcolm Joyce,15/06/1960,384,-6681.66
ED37E822-50F7-4E5D-9776-4B5B2483AC28,Clay Callahan,16/06/1960,383,-6661.67
773B6975-6720-4166-AB4F-483B92E5B9FB,Nathanael Ortega,17/06/1960,382,-6641.68
1B5CAB84-281A-4884-AAD3-EE73A5BAF3FB,Dale Monroe,18/06/1960,381,-6621.69
E31D5CCC-1798-4BB7-9C50-5FAABB279EC6,Tammy Wolf,19/06/1960,380,-6601.7
5898BC6D-7489-4641-AC82-78A4004072C4,Dustin Stevens,20/06/1960,379,-6581.71
C554CB47-C635-4E74-8D4E-734C6002910D,Mattie Riggs,21/06/1960,378,-6561.72
C395BABA-4F5D-41CC-A563-12E164A5C43E,Marlon Reilly,22/06/1960,377,-6541.73
AEB25B03-4A2D-429A-B537-5736440AEFEF,Saul Stanton,23/06/1960,376,-6521.74
722C4F99-A7AF-4000-B3FE-E4EF97F8D7D7,Alma Meyers,24/06/1960,375,-6501.75
9A6C249E-A388-43AA-A987-279535BB683A,Adriana Matthews,25/06/1960,374,-6481.76
E9DE1DAE-0933-4E56-BF87-AD4393594048,Nannie Logan,26/06/1960,373,-6461.77
3572DD62-B2BD-446B-A71C-02C9ECF16CBF,Tania Ferrell,27/06/1960,372,-6441.78
A8DA4161-415D-4EAF-9850-51480FF0101C,Rosendo Barajas,28/06/1960,371,-6421.79
EC08735A-E1FB-412E-829C-BE86DDF220F0,Alice Osborne,29/06/1960,370,-6401.8
D4BC5711-90CF-4D81-8042-BD0128E47AE9,Carlos Ball,30/06/1960,369,-6381.81
453EE1F7-2B8C-4490-910D-406B2A546139,David Costa,01/07/1960,368,-6361.82
A94CDE69-8A16-421D-982E-B4968AF52480,Terrence Rodgers,02/07/1960,367,-6341.83
1322AB9C-91C1-44B7-B0E8-CF862351501F,Rae Harvey,03/07/1960,366,-6321.84
246151BA-88A5-46CB-88A5-CEDA04C5524C,Naomi Norris,04/07/1960,365,-6301.85
87AC6806-8BF1-492D-A4CC-8A8B454AC9C2,Christopher Lynn,05/07/1960,364,-6281.86
FBCAA32C-D5F7-420E-B468-DC6ADAED52DA,Lora Whitehead,06/07/1960,363,-6261.87
B75329A5-F16A-4B72-A6BC-E84AC901F7D4,Tina Orr,07/07/1960,362,-6241.88
83733022-E0F7-418C-85B0-7C8331891109,Eliza Joseph,08/07/1960,361,-6221.89
B99030D3-D07D-42B7-BF55-CFABC3702970,Kip Palmer,09/07/1960,360,-6201.9
456961F8-5CA3-4429-B804-917FAAA2961B,Nathanial Christensen,10/07/1960,359,-6181.91
F457E421-901A-44BE-A9FF-B1E9615434D2,Ray Golden,11/07/1960,358,-6161.92
99F3354B-306C-4004-BDA6-3E64156C28A5,Korey Ellis,12/07/1960,357,-6141.93
E4DFF0EE-A49F-4197-9B03-2D58562319CA,Titus Brock,13/07/1960,356,-6121.94
13ECD361-BCD8-4B3D-B8B0-D96997DA8D0C,Eldon Nunez,14/07/1960,355,-6101.95
C7482A91-3E11-4EE8-B8B1-D8FE1ECC629A,Celeste Walton,15/07/1960,354,-6081.96
BC00570D-EC0B-458E-A9B8-C3EB8AC5A2C2,Marietta Lucas,16/07/1960,353,-6061.97
1579A26A-3B87-48D8-9202-692BB5CCE4FD,Gene Doyle,17/07/1960,352,-6041.98
9CBC287C-4E9B-42AF-B9AC-B37C6B000E96,Leah George,18/07/1960,351,-6021.99
5FBCA6E5-82AA-4739-AED4-65D92BE24AD3,Jeremy Carter,19/07/1960,350,-6002
3B8DBE88-2932-4AB8-A30F-684865727943,Chasity Bush,20/07/1960,349,-5982.01
30258F37-6408-4B62-AECF-E6F42097CA6A,Fidel Small,21/07/1960,348,-5962.02
0891AB39-C26B-47EB-B503-100B26C81ED4,Leonel Leblanc,22/07/1960,347,-5942.03
DD70C0E8-0769-4E29-BD6A-9FB9F4FFEFD5,Amanda Wang,23/07/1960,346,-5922.04
824E098B-4AFE-49F7-9139-4010235D1439,Darrell Jordan,24/07/1960,345,-5902.05
A9EEBAB2-46B9-4630-B51F-5444FA3C4ED0,Corina Shea,25/07/1960,344,-5882.06
F36248D1-D3C5-4305-B70A-C6CD74B87D85,Gaston Kidd,26/07/1960,343,-5862.07
08053DAF-3972-4C7D-B11E-FE60ECA3D025,Lauren Stark,27/07/1960,342,-5842.08
7D0A4758-C64A-4A68-BBB9-C7EBAC4C6207,April Gill,28/07/1960,341,-5822.09
BA887F62-A146-460F-B114-6D968AC51639,Lea Chan,29/07/1960,340,-5802.1
497D0B0D-626E-4AB6-A9F0-4F352C8DC194,Paul Malone,30/07/1960,339,-5782.11
684165F4-C417-40C3-A4A1-48A59941914C,Cliff Stuart,31/07/1960,338,-5762.12
1DA4DA2C-F9E0-4193-B441-D06CF1BAB71D,Adam Shannon,01/08/1960,337,-5742.13
CC9DA3C7-890D-48BF-922D-27EAF3E2DD0B,Kenny Bradshaw,02/08/1960,336,-5722.14
05D34899-AE5F-4A1C-B10B-79BCD7709C7F,Nickolas Weber,03/08/1960,335,-5702.15
E7C63551-5D3E-4FFB-8837-F2C12CB84F4F,Daisy Salas,04/08/1960,334,-5682.16
BE8948D4-535E-49B0-BDC9-9602F344AF44,Justine Davidson,05/08/1960,333,-5662.17
775530DF-9B42-4128-ADD6-F36DA38DBD71,Antony Washington,06/08/1960,332,-5642.18
79A60284-127A-4E51-B2F2-8EE66B52A08B,Melissa Pruitt,07/08/1960,331,-5622.19
192FB2C3-E9CA-452F-AE6C-CE6B43ACCF7B,Davis Lester,08/08/1960,330,-5602.2
21AFAF8C-7C4C-410C-A16D-6476F270A6EB,Molly Orozco,09/08/1960,329,-5582.21
A718F50A-1AC9-4659-8DE3-8E263954BC8A,Tyson Rowe,10/08/1960,328,-5562.22
D543B5CE-045A-43AE-9067-3DF1CFE10AC5,Jeanie Romero,11/08/1960,327,-5542.23
F10005B4-7923-4687-B865-989EA94B8B1B,Katheryn Underwood,12/08/1960,326,-5522.24
714E2043-8C06-4A27-B1F7-A6E8FD8B5B78,Roberto Sawyer,13/08/1960,325,-5502.25
6DDFE884-374D-4719-8311-4E3C89804DB2,Long Ho,14/08/1960,324,-5482.26
0DFD3017-7F96-409F-A52D-7DA6B9B08ECB,Rosalind Frey,15/08/1960,323,-5462.27
6F5CBF96-6BB3-420D-9A9E-3357382A06D4,Huey French,16/08/1960,322,-5442.28
6162F9C9-57DF-4565-943F-E8A75E83F401,Nick Espinoza,17/08/1960,321,-5422.29
16235337-F4BE-4A96-8FEC-8E2527B1164C,Mack Sweeney,18/08/1960,320,-5402.3
AB3D67A6-CA1E-4ED7-81E7-41CBFC4D6185,Ernestine Nolan,19/08/1960,319,-5382.31
7C30ACF1-05FB-4484-9D27-A4891835F92C,Beverly Crawford,20/08/1960,318,-5362.32
DB4F4795-3F19-42D1-8436-E5AE2F13AAA8,Joni Reyes,21/08/1960,317,-5342.33
A232BE02-58F2-432E-990D-7D4657BE4565,Ahmed Allen,22/08/1960,316,-5322.34
0E7B7F70-9114-4F5D-964C-35CBF1ABB352,Charity Koch,23/08/1960,315,-5302.35
3BA106A1-6780-4B9C-A410-B39C6B133283,Bryce Huerta,24/08/1960,314,-5282.36
4A34AABC-FBFD-450C-9D7C-F13A3992DDE6,Arnulfo Rocha,25/08/1960,313,-5262.37
0555B630-5993-4491-91C4-AA22FCABA1E0,Alejandra Odonnell,26/08/1960,312,-5242.38
48A82ABE-1C65-4373-8AFC-CA0D7D1A1704,Alfred Mendez,27/08/1960,311,-5222.39
C9B49C34-C60B-4794-B8EC-78603E9F9A47,Genevieve Sheppard,28/08/1960,310,-5202.4
641B11BA-164C-49A7-B354-8E0C34A0AA23,Kareem Baird,29/08/1960,309,-5182.41
CE7E279F-DF41-466D-9F09-DA67B5BF7997,Darlene Rice,30/08/1960,308,-5162.42
43EA3258-5CD1-45AB-A3FF-3872C8773BE6,Leann Woods,31/08/1960,307,-5142.43
3ECB1236-C797-4918-9EC9-48E481FE5302,Corrine Mercado,01/09/1960,306,-5122.44
24AC25CC-492F-47C0-B06C-C987F30E3EE9,Michel Willis,02/09/1960,305,-5102.45
36EC1D5F-547E-4DDE-8390-A9FDCC93FBDB,Courtney Villanueva,03/09/1960,304,-5082.46
9446C867-1CC9-4BF7-8FF4-41B7E203E1D2,Ambrose Hendrix,04/09/1960,303,-5062.47
748A5E1A-197B-4EFC-8230-4FB6567A33D2,Adrienne Mosley,05/09/1960,302,-5042.48
11D394B3-C8E4-467B-B55F-61FE46372FFE,Sophie Stephenson,06/09/1960,301,-5022.49
BFC8DFCB-51AB-4375-A45E-C5D31D4785E3,Jeanette Rios,07/09/1960,300,-5002.5
063C52C8-7CB7-409E-A985-A7191CB72C14,Benito Jacobson,08/09/1960,299,-4982.51
FE2515C2-2C5E-47D3-AA88-2FAAAE4E8436,Felecia Keith,09/09/1960,298,-4962.52
65273F8A-D5ED-4002-A05E-2C4C261D60DD,Cory Bean,10/09/1960,297,-4942.53
D3476A97-BC12-42B3-A557-4367F76D545E,Monte Ortiz,11/09/1960,296,-4922.54
A0DE9D29-67DA-4E0D-AAF6-2A628F7A0852,Jaclyn Burke,12/09/1960,295,-4902.55
29CE622C-5137-4569-8059-3D4243071779,Ilene Payne,13/09/1960,294,-4882.56
19F9B22A-FDC8-4E0B-8F37-089529312835,Angelia Alexander,14/09/1960,293,-4862.57
1F95E729-9953-4E1D-980C-DB41F7DB8235,Luis Wheeler,15/09/1960,292,-4842.58
AA71EA1E-9559-4B83-B75F-133B2E040E4F,Derrick Duffy,16/09/1960,291,-4822.59
5A61B8EB-369A-4B7B-8622-24EA37D1783D,Beau Gordon,17/09/1960,290,-4802.6
43FAA1AD-90C3-4850-B054-50EFB7FEB656,Evelyn Le,18/09/1960,289,-4782.61
B7C88BF3-4D23-4B84-9B50-C4ED334D3C39,Luciano Dudley,19/09/1960,288,-4762.62
B49F3DEB-5F41-4AB1-96B2-26B33EAC539D,Kaye Case,20/09/1960,287,-4742.63
8BA25C59-619B-4898-93F4-830819E47306,Rose Sosa,21/09/1960,286,-4722.64
59E7B832-B68D-4C4F-9362-09B41FE38F6D,Oliver Glenn,22/09/1960,285,-4702.65
D4F926DE-40CA-4C04-ACE9-B7B40856AE8B,Joanna Summers,23/09/1960,284,-4682.66
F61F1D43-97C9-497B-9D2B-6852A8CF0034,Virgil Harrell,24/09/1960,283,-4662.67
6616D364-7BF2-422D-B7DA-99E1C35DFABF,Jarrett Young,25/09/1960,282,-4642.68
A15E29D7-7E06-4322-800B-7F0E6D216F43,Arlen Leach,26/09/1960,281,-4622.69
D9F8AEC2-CE13-4331-B257-671663219C3D,Francis Johnston,27/09/1960,280,-4602.7
5BAA0741-1B4A-4094-8AD2-5FFD9E34A1F1,Karina Manning,28/09/1960,279,-4582.71
7344B6D6-660D-4F00-9CCA-0178831091B9,Georgette Cabrera,29/09/1960,278,-4562.72
D77DC96A-D97A-48CA-9C8B-3A083ED3AD01,Buddy Pratt,30/09/1960,277,-4542.73
09F24DE5-29AE-4B13-966E-88D12191D2AC,Damian Duran,01/10/1960,276,-4522.74
97B403E2-1F3F-4E41-A0FB-AE3D58B6BD83,Shane Cochran,02/10/1960,275,-4502.75
F10D4DEC-3B52-4F6D-A874-60049E5A7A27,Maxine Morales,03/10/1960,274,-4482.76
FE8EE308-3DF3-4129-A4C7-30092088895F,Sheena Curry,04/10/1960,273,-4462.77
1C3A1B20-6A13-41F9-84F8-54D9DEC7EDA2,Myra Leon,05/10/1960,272,-4442.78
5B1E8BDF-3F04-498A-B6FC-63DB59D5DD77,Greg Carlson,06/10/1960,271,-4422.79
56F1D172-2274-4A9B-B521-8319221DA8A5,Val Ali,07/10/1960,270,-4402.8
07621A40-F60F-4C00-B3E6-DCADB70B6DB9,Wilford Phelps,08/10/1960,269,-4382.81
F5A36D0A-298B-40D1-BAEB-C298F4C88808,Twila Wilkinson,09/10/1960,268,-4362.82
FD47CF48-8509-4C06-8D86-E46F97CE4901,Agustin Wagner,10/10/1960,267,-4342.83
AD0C8DBB-9E45-493A-8953-FCB60DF4D8D8,Marissa Hebert,11/10/1960,266,-4322.84
1050714E-CD81-462C-BB2B-13A9D1587993,Aimee Harris,12/10/1960,265,-4302.85
12FD2CB2-3F4E-47D3-BA52-80F3142A93CA,Cyril Booker,13/10/1960,264,-4282.86
4B3C92A0-FA25-4C99-AAD6-713C8E93ED76,Nola Gallegos,14/10/1960,263,-4262.87
D76BA346-4953-4224-94EA-14E0EF5EFF12,Darrel Pugh,15/10/1960,262,-4242.88
67605FDF-768A-49D8-9331-2FFE37CFF452,Randall Buchanan,16/10/1960,261,-4222.89
91F6393A-27E7-4792-8A52-D5E41AAE49B1,Malcom Mathews,17/10/1960,260,-4202.9
3FEA5201-D539-47F7-A6C8-4C3411D735E6,Gilbert Trujillo,18/10/1960,259,-4182.91
2B463A53-FDE9-41F9-A137-A6AB21FEEA26,Lori Austin,19/10/1960,258,-4162.92
EE943B3C-5A42-442B-8A19-2CB2DAC4514A,Keri Avery,20/10/1960,257,-4142.93
86AB7017-41C2-4CBE-A430-26A6E886039E,Orval Hancock,21/10/1960,256,-4122.94
36EA5C39-2FF7-4FE8-9100-273BDA1D796F,Vincent Reynolds,22/10/1960,255,-4102.95
15886780-1EAB-474E-AA96-01F7B0EA9036,Cecelia Daniels,23/10/1960,254,-4082.96
AD7E35A2-138A-43D8-8B16-10C730135CDB,Jamey Webster,24/10/1960,253,-4062.97
337545C0-3A69-4017-81DB-76C7F6025B4E,Annabelle Flores,25/10/1960,252,-4042.98
37D63B20-C5AC-4B87-A262-A2E36A30B6DD,Lupe Wade,26/10/1960,251,-4022.99
E4728EBF-3D54-4AF1-BD91-48593AF99083,Tisha Kirk,27/10/1960,250,-4003
683DA562-8E61-4A53-8AC3-E23B77D78DA2,Weston Jarvis,28/10/1960,249,-3983.01
3F2E9427-16EA-45EB-9E64-C31AB283011C,Cora Erickson,29/10/1960,248,-3963.02
FFE2C11C-04E3-4287-9565-372AC6606A61,Tabitha Little,30/10/1960,247,-3943.03
30B3C95E-332A-4214-B66D-1E184E43C932,Deirdre Elliott,31/10/1960,246,-3923.04
3940B114-F37E-4E78-82CD-0EEC81B8F552,Marc Greer,01/11/1960,245,-3903.05
439154F4-B57A-449A-B1AD-A5B746C53704,Jody Ramirez,02/11/1960,244,-3883.06
A31BE230-EA45-406E-A71D-A5C60202CADF,Cleveland Becker,03/11/1960,243,-3863.07
FB9B3669-4B72-4CFA-BD82-EF27C17DC59F,Candace Bridges,04/11/1960,242,-3843.08
360BCA5B-32AC-4DAB-AAB4-CD396FDCAAC4,German Frank,05/11/1960,241,-3823.09
951BEDD2-27AF-4086-97C1-9B1C3CE5C4C6,Brittney Chung,06/11/1960,240,-3803.1
1799224E-5F09-4C52-B798-CA91883C65B8,Jo Cooper,07/11/1960,239,-3783.11
5F421388-A025-4CBD-A610-466D2D7DC2FF,Pauline Escobar,08/11/1960,238,-3763.12
552245CE-0E6E-44A1-9E2E-F1439DDE0157,Lina Moody,09/11/1960,237,-3743.13
008FB763-3424-427C-AC2C-2A492F8AD817,Arnoldo Lamb,10/11/1960,236,-3723.14
6B6F72EE-FABD-418E-AA2B-840D9E87B458,Greta Garrett,11/11/1960,235,-3703.15
1C3A6A82-27CB-4641-863D-6D6218E301B7,Bart Sandoval,12/11/1960,234,-3683.16
82D7A3EC-A24B-45F9-AFD3-2D87533B4C8E,Jared Knox,13/11/1960,233,-3663.17
3F29318B-8CD6-4E7A-9411-E488038DF029,Cara Lang,14/11/1960,232,-3643.18
85ABA553-122E-4C87-9D5F-FD5B19EC5A85,Damion Leonard,15/11/1960,231,-3623.19
8ADC783C-0E9F-4130-8C7F-92CCC36684A8,Luisa Graham,16/11/1960,230,-3603.2
09C783A4-4358-47F1-A0E4-2F38D04C37DC,Theron Mccullough,17/11/1960,229,-3583.21
3C5D841C-37D2-4C1C-B3AC-356FA0DEEFE2,Virgie Stokes,18/11/1960,228,-3563.22
333B9FFC-F96A-4027-9862-9DB1F3CA0791,Josephine Pennington,19/11/1960,227,-3543.23
F76CA89F-00B2-4184-B79C-ECE9FADB6CFD,Lula Yang,20/11/1960,226,-3523.24
D6E03AFE-79AD-4BB0-A9F0-6DD71C58C368,Emilia Chavez,21/11/1960,225,-3503.25
FE2D0C6C-13DC-422A-86FF-E08024CA9B79,Harlan Kirby,22/11/1960,224,-3483.26
0D35A01C-54C2-4C21-8110-DAC7FBA82971,Mckinley Hunter,23/11/1960,223,-3463.27
95D59F5C-A3D4-4FE3-8961-DA9F970258B6,Deann Walter,24/11/1960,222,-3443.28
9644FAF5-2ABA-413C-8E37-50C25261BB4F,Rhoda Douglas,25/11/1960,221,-3423.29
7A5CE234-CAFF-42DA-BEF9-4A312A21015A,Carey Hobbs,26/11/1960,220,-3403.3
F2A17CDE-1BAA-4E56-8073-1E0C1E0DADD1,Warren Evans,27/11/1960,219,-3383.31
E661A8B1-B61F-4C69-AD0D-75AC5916C27D,Howard Mora,28/11/1960,218,-3363.32
969C29CE-10E0-419A-A95E-3D7D6890C8D0,Gwendolyn Love,29/11/1960,217,-3343.33
3F30A255-8845-4575-A73A-5DBA6DCD16FA,Lenard Morris,30/11/1960,216,-3323.34
ADFC479F-648F-4842-A49C-B4F5015E5045,Marshall Cervantes,01/12/1960,215,-3303.35
E5EDEDB5-7454-48A6-987A-7A9F060BAECA,Russel Gilmore,02/12/1960,214,-3283.36
89BEECB7-9681-4FB9-812C-3B342F749CCD,Clifton Bishop,03/12/1960,213,-3263.37
1FD1F8F2-14AA-4DB9-9CFF-7404615E0891,Tim Morrow,04/12/1960,212,-3243.38
D80AB918-51F2-4424-9734-0F76C8EF1FC7,Wilbur Harrington,05/12/1960,211,-3223.39
6E266512-9C46-4F09-9113-ED933848C2D3,Robert Riley,06/12/1960,210,-3203.4
EFBE2D9E-1412-4EB8-9206-70917B1C6C17,Phil Aguilar,07/12/1960,209,-3183.41
8E5177F6-E38D-40A2-A472-C5A5B467154B,Colleen Mills,08/12/1960,208,-3163.42
47347F66-B9AE-4B23-A4A6-C1855ABE7723,Terrell Boyle,09/12/1960,207,-3143.43
4A814736-B8ED-4B16-8F91-4FEA001C8151,Melody Cantu,10/12/1960,206,-3123.44
F4926502-FFB1-4BD5-824F-CE896A07557E,Jewel Arnold,11/12/1960,205,-3103.45
2E462076-48C6-4CFE-9E94-E3BE793DAFC7,Rachael Oliver,12/12/1960,204,-3083.46
0F1D7281-941B-4624-975F-F9047311B68A,Hans Walls,13/12/1960,203,-3063.47
CCB8557C-A451-47FB-80E2-DF50593FC72B,Willa Fischer,14/12/1960,202,-3043.48
AFAA0072-F82B-4C44-BA74-2BA6A34A8C6C,Florine Hodges,15/12/1960,201,-3023.49
E4BDE46F-85B8-4633-A021-12AF9DBC0D04,Teri Vazquez,16/12/1960,200,-3003.5
8980C2F8-2F5F-4D8A-9AED-6CDF95D1EB12,Teresa Cooke,17/12/1960,199,-2983.51
48B0297C-1868-41B9-BE26-3B2D1A60076A,Juana Thornton,18/12/1960,198,-2963.52
3A223957-68A8-4A7B-925F-6CDAAB19851C,Erik Holt,19/12/1960,197,-2943.53
94D59E7C-1F34-41E4-927A-183A253436DE,Lesley Boyer,20/12/1960,196,-2923.54
5EE53106-6A13-4F95-8F41-A404461315EE,Deon Winters,21/12/1960,195,-2903.55
74569772-689D-4F97-9F95-B9505D79DB54,Joy Banks,22/12/1960,194,-2883.56
5F618F17-7192-4F3C-A9C2-372DDA65473B,Latonya Merritt,23/12/1960,193,-2863.57
7835A699-701C-4D6E-9378-19AB6BEE9FA1,Virginia Bartlett,24/12/1960,192,-2843.58
AA4097BE-6A8E-4680-B6C1-35CBA8B8DDA9,Mallory Bass,25/12/1960,191,-2823.59
4F387E97-35F2-405E-A0CF-C3BA9AA4B437,Eleanor Vance,26/12/1960,190,-2803.6
CA7B3ED5-DAA9-44B3-B4FA-43A86500D4A7,Jana Carrillo,27/12/1960,189,-2783.61
A072F3AC-8649-47FD-B16D-6C5607DC768F,Monique Ray,28/12/1960,188,-2763.62
3B078AE8-50E4-42D6-86A1-E9A46C9541F9,Marcy Richmond,29/12/1960,187,-2743.63
1F7D27EB-8587-4030-A809-F1C5A3F49BD9,Peter Irwin,30/12/1960,186,-2723.64
57914ADF-6356-4060-8C02-7DD02D3715C4,Johnie Grant,31/12/1960,185,-2703.65
592305E1-C6DD-4403-9621-8B9F925BD571,Faye Roth,01/01/1961,184,-2683.66
F42AA3D6-1227-4E36-B09A-A9D594CD846C,Natalia Cross,02/01/1961,183,-2663.67
E8F7CEF0-68E8-4034-A884-534F64E975D4,Samantha Whitney,03/01/1961,182,-2643.68
2C13BB77-EB17-4D18-9528-8A6729B5C5AC,Sammie Porter,04/01/1961,181,-2623.69
2B1E3542-8FC1-4C72-B09E-BBF5E5AEA1F6,Michael Tapia,05/01/1961,180,-2603.7
E11BE5C4-DAFA-4918-B0B8-809EE27DC938,Gavin Francis,06/01/1961,179,-2583.71
FF6FE68F-028F-454B-B962-93520C328144,Nita Fox,07/01/1961,178,-2563.72
D23748DB-DA86-4442-8659-2D078DE3FF86,Rocky Zhang,08/01/1961,177,-2543.73
DD1ECE9E-133B-40C9-8FC7-15F108CD91D6,Jolene Eaton,09/01/1961,176,-2523.74
83C33CE5-0516-4164-9744-A068F8024AA0,Mia Farley,10/01/1961,175,-2503.75
C8E298BC-D3B9-4235-AF81-26104AF72206,Norris Madden,11/01/1961,174,-2483.76
1EF81259-0235-4B77-9DED-359E6A1066BC,Cornelius Coleman,12/01/1961,173,-2463.77
198D40C2-AEB9-4C94-95BC-463F05854364,Sarah Hunt,13/01/1961,172,-2443.78
714E778D-3853-4D05-8A45-915D977225F3,Chuck Hatfield,14/01/1961,171,-2423.79
84FDAC6A-287D-4069-B8C9-DD7509E14BC1,Charlie Garner,15/01/1961,170,-2403.8
7E0CFF28-F5F0-4893-BEA3-71495B238CF2,Rex Forbes,16/01/1961,169,-2383.81
DF76D371-38F5-48F0-A9B9-F32C17329922,Cordell Sanford,17/01/1961,168,-2363.82
3E63BEE3-F0B5-40FB-B2E1-271CD846CEEF,Thanh Barnett,18/01/1961,167,-2343.83
019CD68B-2AA5-4D97-95FE-7312D7163CB7,Mamie Rollins,19/01/1961,166,-2323.84
364DA546-357E-4881-9B57-D717E52E724D,Lela Williamson,20/01/1961,165,-2303.85
6A15672D-A275-4A60-9E01-728133FBB928,Patrick Raymond,21/01/1961,164,-2283.86
1E8CC576-A336-4446-B76B-7FED59C34C38,Alyson Conner,22/01/1961,163,-2263.87
A0FC753D-CC56-4113-8B9D-66B708097421,Margarito Mckay,23/01/1961,162,-2243.88
494981AB-1016-4386-87EF-53F8964D23A7,Whitney Watson,24/01/1961,161,-2223.89
9B3BAECC-DB20-4FE6-8879-20A9B00E5D5D,Tamera Castro,25/01/1961,160,-2203.9
C7DB5667-B95C-470F-A66C-8A385376A6EA,Keith Byrd,26/01/1961,159,-2183.91
C2EB986F-D984-4AA4-9E60-32531C1C197C,Velma Gaines,27/01/1961,158,-2163.92
C15C38EB-7451-4D28-874F-CE10784B60B8,Jasmine Hamilton,28/01/1961,157,-2143.93
580983FF-2E7E-4C64-A124-FA7097F1991C,Eloise Nelson,29/01/1961,156,-2123.94
3099FF09-BBC4-4685-A218-04769A5560F6,Gayle Tate,30/01/1961,155,-2103.95
DBD88CEF-D8ED-418C-B34A-EFBBF67F4C7C,Mark Harper,31/01/1961,154,-2083.96
0BE4709D-E777-4CA5-8849-341810DE8EA7,Marilyn Foley,01/02/1961,153,-2063.97
2CB756E3-2AC3-4B93-A60B-9D4A55DB3EE9,Sheree Gates,02/02/1961,152,-2043.98
B3E530C7-206B-4AD4-AFC1-9F3EDBE0D445,Troy Sparks,03/02/1961,151,-2023.99
C149B54A-8ED9-4D36-891D-330A81C4D9D0,Henry Rivera,04/02/1961,150,-2004
E469B99A-01F6-4209-BB87-74FB031AE5C3,Salvatore Davila,05/02/1961,149,-1984.01
0C4991DB-4ED1-49F9-A9C8-AAB1D9CF31BF,Lidia Bowers,06/02/1961,148,-1964.02
F7DA2608-5CF8-4003-82A4-B3B4572F209B,Royal Sims,07/02/1961,147,-1944.03
2F9F0FEA-BEAA-476E-9E6C-172D28DE73A6,Trina Nielsen,08/02/1961,146,-1924.04
6808B081-D029-401E-9F58-746845CCE0E4,Elmer Freeman,09/02/1961,145,-1904.05
8B467A30-8CB1-4074-A6C9-5F83776A08E3,Israel Adkins,10/02/1961,144,-1884.06
F9FBC0C6-8F85-464D-B3D1-1A860C02EBDE,Jeri Mcmahon,11/02/1961,143,-1864.07
6CA8714D-3344-4486-96F9-7F53B8B21069,Reba Meadows,12/02/1961,142,-1844.08
C91D9588-4D22-4E12-8FB3-E94A993D0C2B,Garry Beltran,13/02/1961,141,-1824.09
E0C94199-F1A7-42FF-942B-E91C4D7FABD6,Vance Spence,14/02/1961,140,-1804.1
630A96CA-B00B-4F05-9ADE-16C857DA9AE6,Mindy Blevins,15/02/1961,139,-1784.11
130EE893-EB05-44FC-AAB1-7ED300B190FB,Marquis Blankenship,16/02/1961,138,-1764.12
89FD7C25-0F1B-4ABB-987C-AC615DA8CBAC,Holly Fields,17/02/1961,137,-1744.13
2E88813B-519D-4B85-BD5E-D55B486D099D,Gerardo Fowler,18/02/1961,136,-1724.14
DFD5FE9C-8B74-4DB2-ADFC-2B9E26568BF9,Jeffry Reid,19/02/1961,135,-1704.15
DD25FBEF-26B1-4C69-951A-D8EAC715A501,Michale Brennan,20/02/1961,134,-1684.16
9E0AE1CA-D41C-43BF-806C-C75DDD99F24F,Walton Chase,21/02/1961,133,-1664.17
A37F5AEA-27F5-4EEB-A7D5-FF72291F788D,Virgilio Glover,22/02/1961,132,-1644.18
2F7D40E2-D300-42E6-A8AB-2E56BA3EF10E,Meagan Finley,23/02/1961,131,-1624.19
B1F597DC-412C-40BA-B9FA-1E57BF6CA439,Aida Anderson,24/02/1961,130,-1604.2
5E6F5AD3-46FE-4C5A-9437-93514779B363,Cecile Burgess,25/02/1961,129,-1584.21
B9DBA6F6-FA76-4A90-BEBF-BE7654C624BC,Liza Browning,26/02/1961,128,-1564.22
424CAEBF-0CDE-4776-9403-3D9BC3DDB327,Dee Wilkerson,27/02/1961,127,-1544.23
78FDAD0C-09FF-49C6-AAF6-6B9934A7E200,Jillian Morse,28/02/1961,126,-1524.24
5CC4DE6E-DE2D-4696-B993-5DBE5C23832B,Billie Perez,01/03/1961,125,-1504.25
83CF8FE7-4594-465A-ADDE-A62265D526C4,Rodger Meyer,02/03/1961,124,-1484.26
2309BFA8-B245-432E-8789-BDAD04DB860F,Enrique Lawrence,03/03/1961,123,-1464.27
AC92E9B1-A73B-468E-9078-B78A40E56E81,Lucile Reed,04/03/1961,122,-1444.28
D056D81B-86D6-4D6C-A0AD-56AB3A7B7599,Stephanie Robinson,05/03/1961,121,-1424.29
0ED78EFA-5E61-4E6A-9D57-7551BF60B005,Refugio Mullins,06/03/1961,120,-1404.3
40F665E1-F32E-4CB5-AB08-E8C6344508C2,Barbra Barrett,07/03/1961,119,-1384.31
E7F7127E-3649-4F3F-BC6D-EE3BE26B755D,Ophelia Montgomery,08/03/1961,118,-1364.32
8E5693D5-64E3-403F-8792-1682AC36CBAE,Edgardo Griffith,09/03/1961,117,-1344.33
C20ECAD9-60AD-410E-8408-0795BF631B3B,Alan Blackwell,10/03/1961,116,-1324.34
2056FE81-C786-4CD6-96DE-170D4C92D8CF,Alonso Oneill,11/03/1961,115,-1304.35
26F196AF-AB20-41DD-B970-6A931D1F50E4,Williams Medina,12/03/1961,114,-1284.36
493591D4-8130-486A-846B-FB9C1D2C5E1A,Lynwood Lowe,13/03/1961,113,-1264.37
0DB0A952-CBB1-40A0-9509-99CDED6F7E7A,Desmond Barker,14/03/1961,112,-1244.38
72249371-16DA-46DE-91C3-9A811486E5B6,Sonny Dyer,15/03/1961,111,-1224.39
29763F61-9C1E-49A5-84C0-8F375941EF06,Ahmad Wyatt,16/03/1961,110,-1204.4
1936899A-8AD9-4A2E-9D3B-D8B7529407C7,Chandra Bray,17/03/1961,109,-1184.41
9F56C2FC-62FC-4EDF-A0E2-91A11C71579B,Ervin Dillon,18/03/1961,108,-1164.42
184D259A-3731-4885-81B1-9D56491E3B64,Vicky Conway,19/03/1961,107,-1144.43
016A5662-0CA3-4364-9C99-936E7A95569A,Edwin Hinton,20/03/1961,106,-1124.44
B0B9E9A3-D076-4C21-83DE-9DFEA42049AB,Stephan Preston,21/03/1961,105,-1104.45
F4CC3651-98EA-425E-9C3C-D453A2189B11,Rosella Graves,22/03/1961,104,-1084.46
1F8C0E86-62E5-4CA0-B9D5-88578D0F8B67,Antoinette Bright,23/03/1961,103,-1064.47
C6FD5857-01C8-4352-B37D-D1C0D50D8D17,Michele Sullivan,24/03/1961,102,-1044.48
C8094E9F-F39F-4F0F-A6C0-8AB07FC62504,Maximo Bonilla,25/03/1961,101,-1024.49
694F1CD7-66DD-4418-AF7B-3965D28C8C4A,Kimberly Burton,26/03/1961,100,-1004.5
6D9FBD30-73F0-44C3-A43A-29BC40DE24ED,Randy Jennings,27/03/1961,99,-984.51
01E12702-4BB3-422A-A1CB-42C8FDB940E9,Ted Benitez,28/03/1961,98,-964.52
41F8FB4E-4971-4936-AE08-9DB6461313E1,Ladonna Liu,29/03/1961,97,-944.53
F82F98C6-AC65-4DB0-B26A-573B115FAC76,Annette Snow,30/03/1961,96,-924.54
581A6D7F-E1A6-41AC-BFE8-2F8E8956658E,Hannah Chen,31/03/1961,95,-904.55
FBCC8867-7CCD-4838-B28F-6BFF894F9B87,Rachelle Cobb,01/04/1961,94,-884.56
B6DEA27D-5B72-4B0C-A995-374E5FA0533D,Mara Mccann,02/04/1961,93,-864.57
3E223775-5189-4176-8A8C-B773193FDC1A,Alta Glass,03/04/1961,92,-844.58
64F89BC2-474A-4543-8C30-9A44BB584055,Jame Moses,04/04/1961,91,-824.59
6781473A-9C31-4490-888C-083C9856CB55,Tod Garcia,05/04/1961,90,-804.6
066DE322-6498-4FA4-8F64-580EDE1A52D0,Dorian Blake,06/04/1961,89,-784.61
3B7C5B73-3DA6-4D5B-BF93-4473B45F08ED,Chauncey Carney,07/04/1961,88,-764.62
F27F05A6-9F6F-4DCF-A177-43147226D56D,Wendy Boone,08/04/1961,87,-744.63
FECC1B61-0961-4D01-9476-575CA0F996A1,Alexandra Henderson,09/04/1961,86,-724.64
59428753-5959-4FCC-971D-4772CBD9FE4B,Robby Massey,10/04/1961,85,-704.65
2888C75C-664E-4741-B462-1EC230DB08AB,Dane Haney,11/04/1961,84,-684.66
B473E212-5B6E-401D-AECB-1E89AE47F990,Alton Mcintosh,12/04/1961,83,-664.67
CDEFCF3B-8298-48A1-857F-9D23130AE5DB,Blanca Fleming,13/04/1961,82,-644.68
E34C3186-B6A2-46E3-9636-BAAAB127CBFF,Quinton Maynard,14/04/1961,81,-624.69
1B5ACD8C-F4F4-4DE4-B46B-20EB31E5D265,Kathryn Vang,15/04/1961,80,-604.7
9E9EBC5E-0406-444E-9C4E-746B7F3963BF,Marcellus Huang,16/04/1961,79,-584.71
3260EC10-48DE-457B-841C-3FC22282DFBD,Armand Bullock,17/04/1961,78,-564.72
CD8E55DC-396A-4A42-872F-B642E9BA0203,Alison Hayes,18/04/1961,77,-544.73
1D68F254-2926-4C32-8940-9D5EEB201A48,Gil Duke,19/04/1961,76,-524.74
9BE2ED6A-C87A-417D-ADC6-0A7ECBD4FDE9,Verna Hammond,20/04/1961,75,-504.75
383A4334-EB38-4CEF-9C0B-F9581534B17A,Bettie Patel,21/04/1961,74,-484.76
33AD1CB0-C918-49DA-9725-7A1EA36EB835,Deena Simmons,22/04/1961,73,-464.77
4E7F632F-1E78-411A-91E3-E567174C1CBD,Rene Holloway,23/04/1961,72,-444.78
C5119275-1F97-4DED-A5C2-A4F2F8AEADA5,Carlene Hurst,24/04/1961,71,-424.79
A8EC10B9-F046-4C75-B3EE-1591572DFEE1,Jerome Lynch,25/04/1961,70,-404.8
45DC0827-A19B-48FE-B22D-C7E0512AB0D3,Charlene Hart,26/04/1961,69,-384.81
3CE4E822-19B1-4B5E-9336-C3EB3FFBFC0E,Micheal Newman,27/04/1961,68,-364.82
35D3376C-426C-46CF-9061-80D313B9EAA2,Fannie Campos,28/04/1961,67,-344.83
C7FA660D-546E-4560-B051-65C197EE2435,Josh Barr,29/04/1961,66,-324.84
E1239BD5-F579-4073-A132-A5A8A146E09F,Brandie Patrick,30/04/1961,65,-304.85
088BE18A-D517-4F81-B22A-A74B2111AE12,Jimmy Hogan,01/05/1961,64,-284.86
EA862330-F0C1-40FE-B6C1-9E414FC8B314,Joshua Ellison,02/05/1961,63,-264.87
576C0243-044E-4B26-BC8B-D938DA980F72,Man West,03/05/1961,62,-244.88
0BC42494-A31E-4482-BF30-ED09DF78B75A,Ann Lozano,04/05/1961,61,-224.89
90BE8A1B-6658-4290-8A36-97B75FA86973,Tamara Mcconnell,05/05/1961,60,-204.9
4152CA74-D7F2-431E-92C6-5A2319EC0A67,Josefa Hoffman,06/05/1961,59,-184.91
5D43BD7B-3463-4174-87B0-2B08846005E7,Les Hines,07/05/1961,58,-164.92
FC9AEC5F-6B91-4DB4-BBA8-11405A3B554C,Giovanni Strong,08/05/1961,57,-144.93
3195DE4B-8001-427E-B46F-ADC3D8210152,Lorraine Mendoza,09/05/1961,56,-124.94
00E15AD8-2989-40A3-945B-BE5EA875D645,Brandy Villa,10/05/1961,55,-104.95
69F51C7F-5BA5-4017-95FF-9E963D41E14E,Elvis Pena,11/05/1961,54,-84.96
F12C7799-302A-45A4-ABC8-4ADF688B5084,Josie Mata,12/05/1961,53,-64.97
41F203A5-6B2B-4F3E-8010-75B98A39EAA7,Tanya Bradley,13/05/1961,52,-44.98
91C07580-2F76-4C6D-A7D2-29D197562279,Vickie Gay,14/05/1961,51,-24.99
B87634D2-A2D5-4F12-AF9A-3C45C4D6A091,Luann Haynes,15/05/1961,50,-5.00
D2811A52-65FB-44F0-A3D9-9C5EC863F6B2,Solomon Rivas,16/05/1961,49,14.99
D883AFA2-2B81-40AE-BCF5-61EAE8CEA21D,Herbert Drake,17/05/1961,48,34.98
84545EB0-FC37-4EB8-AD8C-A1028DBBC570,Kimberley Gardner,18/05/1961,47,54.97
64A70117-296A-4B1B-9DDC-CA6ADFE482D6,Marcel Mcmillan,19/05/1961,46,74.96
8DDACD8E-B002-462C-9308-68BE6DB9034B,Judson Sloan,20/05/1961,45,94.95
C74B01E4-B730-490E-85E4-88D46F021BE7,Emmett Mcpherson,21/05/1961,44,114.94
F0B6DC73-EED3-4C0E-81F6-97D6671E9652,Krystal Peters,22/05/1961,43,134.93
FF461C11-F384-4E4A-BAD4-20734FB094E2,Sidney Fitzpatrick,23/05/1961,42,154.92
2F809F4C-03FD-4F9F-8430-DE3F415DB39F,Leland Johnson,24/05/1961,41,174.91
54D3BDE3-E625-43E5-A2BF-F511541F9BD9,Mollie Burns,25/05/1961,40,194.9
1D24D453-7550-4A11-8C8B-9E042303F849,Rueben Greene,26/05/1961,39,214.89
15DBEE0F-AEBE-434D-9EDE-ACB7410A58AF,Xavier Vincent,27/05/1961,38,234.88
CD9DD6E9-AED9-492D-B39E-4E88EEA4D455,Kelsey Howell,28/05/1961,37,254.87
3E0D8822-695B-4EBF-BB09-F98DAD190889,Ofelia Vargas,29/05/1961,36,274.86
2527DF2F-DC21-4291-9057-B64CF9A06094,Jessie Lara,30/05/1961,35,294.85
06FBE10E-E271-4422-AEEB-437C2AAC5335,Joe Bentley,31/05/1961,34,314.84
A9B7783D-A183-4827-9E7C-C8D3A877DAA3,Ronda Hess,01/06/1961,33,334.83
D3FCC27F-03C2-4BCA-A302-558AAAB6BBCB,Teodoro Potts,02/06/1961,32,354.82
C51AA93F-BF76-444B-9DAA-2A9B9A9B85D1,Kendall Henson,03/06/1961,31,374.81
0D4096CC-3ADA-4693-A7C9-54786D1C24A6,Connie Huff,04/06/1961,30,394.8
7C8A0A4B-12CD-4121-BEEF-9F29B18ADBE6,Elijah Schaefer,05/06/1961,29,414.79
BF159681-4792-488B-956E-C91E1995BA09,Timmy Townsend,06/06/1961,28,434.78
D20E8A88-DC6D-4713-B594-7631AB62999F,Werner Vaughan,07/06/1961,27,454.77
196DFBDD-42C9-482F-AFD7-96227247334C,Camille Velasquez,08/06/1961,26,474.76
1C074025-AB77-4943-A6CF-3A9971FE15BB,Cecilia Larson,09/06/1961,25,494.75
DC956347-D559-4AA8-85D1-ACB8391C0BE4,Wilfred Gallagher,10/06/1961,24,514.74
D848798D-2280-4F46-B244-4E3EA318E11A,Gilberto King,11/06/1961,23,534.73
C9CAAD5A-5C3D-4320-8C30-904EE5094F03,Terra Sherman,12/06/1961,22,554.72
D2D340D3-8E57-40D2-896C-97DDA1179C6B,Lourdes Riddle,13/06/1961,21,574.71
24B6FBF3-E5CA-42C0-9D44-B92BE253D099,Dylan Hanna,14/06/1961,20,594.7
5951029B-F00C-4C18-BB09-F748D40A4CFC,Raleigh Montes,15/06/1961,19,614.69
30C8E1AE-E4AC-47B1-93E9-38DAD9802A0C,Don Horton,16/06/1961,18,634.68
C87D3C15-9FA4-483E-85EB-4F5964ABEA79,Marcie Smith,17/06/1961,17,654.67
832E6C96-A29A-4720-B68A-90982313EDBA,Andy Luna,18/06/1961,16,674.66
73ECED14-CFDB-480E-A63E-B80A85153138,Mitzi Padilla,19/06/1961,15,694.65
099E5346-561B-41FB-9CBA-0C90FA14CE1E,Ila Cohen,20/06/1961,14,714.64
11FA48CE-FF83-4A1D-B04E-0E5234B51D95,Royce Rivers,21/06/1961,13,734.63
843F39F7-D3DD-4BCB-94EF-3DEF8A004AB2,Chrystal Bender,22/06/1961,12,754.62
40FBF04B-B75B-428D-90FA-0204A25C43B9,Sherwood Robbins,23/06/1961,11,774.61
95DF7611-3A66-45FC-B192-2EC2E2E8069E,Mauro Montoya,24/06/1961,10,794.6
6350E07F-07E1-48CF-9EFE-36CB0F69C27A,Louisa Jefferson,25/06/1961,9,814.59
10CDE136-3D8D-4E5C-950A-A14FB067BE2E,Frances Mejia,26/06/1961,8,834.58
250892CD-60D8-450F-9AEF-65A435EF7F76,Susana Mckee,27/06/1961,7,854.57
8C095810-BDCB-4DF1-AFAF-BCF5D97FCF8B,Aurelia Rosario,28/06/1961,6,874.56
5DDD243E-C1A4-4AE4-BB44-68B459FCCF50,Merle Richardson,29/06/1961,5,894.55
4B80792F-5682-49FD-95CB-8906C5150FBE,Tyree Mcguire,30/06/1961,4,914.54
D5CBD4BA-7881-4775-B376-474B85E4D5B8,Peggy Wong,01/07/1961,3,934.53
2799EEB0-057C-4652-A872-2B5CFDFA565A,Markus Kennedy,02/07/1961,2,954.52
080AF027-7EEE-46B6-8781-0A51825F762B,Luigi Dorsey,03/07/1961,1,974.51
B2200630-577E-4008-87D2-D6AFFE7E6549,Sonia Lee,04/07/1961,0,994.5
4DC20760-D1D2-4244-BD85-3515739C14FB,Dianne Guerrero,05/07/1961,-1,1014.49
E1238362-C15D-47DC-B30E-892E3283AA8F,Abram Turner,06/07/1961,-2,1034.48
DB315146-864E-45C5-B829-70A2BCC2A83A,Dannie Nash,07/07/1961,-3,1054.47
4D741CFB-E3DB-4A4B-AE19-2C478E9AE8C0,Avis Durham,08/07/1961,-4,1074.46
90FC827A-4713-4589-B434-1AAB7B6FA294,Floyd Galloway,09/07/1961,-5,1094.45
64B61D1A-6855-43D7-BE80-DCED60CC5B06,Ramon Walters,10/07/1961,-6,1114.44
F6FC69F9-FF55-476F-A6A0-374BE5EF6CF0,Jefferey Hull,11/07/1961,-7,1134.43
723D340C-667C-4511-8C91-259CB01A4F16,Dewayne Perkins,12/07/1961,-8,1154.42
ECC02E76-247F-4519-AFE2-675F120E2685,Audrey Landry,13/07/1961,-9,1174.41
4BA4D037-EDC5-407E-B6C3-560BA144C512,Fanny Dunlap,14/07/1961,-10,1194.4
8CA1F5D2-380C-49A8-9111-D779B953FA37,Cassie Cox,15/07/1961,-11,1214.39
D4DB1991-D7E9-438F-B678-20D42A369C5F,Estella Mcdonald,16/07/1961,-12,1234.38
BF3D4AD8-142B-4CCB-8D1A-48D6F2983553,Coleman Kane,17/07/1961,-13,1254.37
423DE482-9B3E-4D2D-98E4-F0E89A60BB54,Victor Mcneil,18/07/1961,-14,1274.36
9C36AEEB-C987-4E16-91F6-B35A7D0CCB91,Garland Tran,19/07/1961,-15,1294.35
95222D78-2FE1-4763-8138-F6FE81BA4C14,Hilario Gould,20/07/1961,-16,1314.34
6D72321F-C7C6-4204-AF7B-2B3E0AF83187,Ruben Gross,21/07/1961,-17,1334.33
48EBB2DD-2889-4B6E-A7A7-3BB60A1A197F,Omar Schmidt,22/07/1961,-18,1354.32
4A7E1A4B-2945-4FDA-9E92-2FD6E49352A9,Lawanda Kaiser,23/07/1961,-19,1374.31
75FA4233-7EB7-4D5B-A387-F62BB85B00A8,Manuela Clarke,24/07/1961,-20,1394.3
7E96E240-A094-4DC7-AB2A-A3415F5DC371,Olen Huffman,25/07/1961,-21,1414.29
FB24AF38-5838-49AC-841A-DDF1B286A709,Harrison Zuniga,26/07/1961,-22,1434.28
6604A6EA-083F-4E97-8B50-271389A95805,Bridgette Steele,27/07/1961,-23,1454.27
6E3412FD-47D7-43CD-8AAC-E201BB2067B5,Sherry Day,28/07/1961,-24,1474.26
D6F34C9D-EA98-460C-96F3-2F9C075773E6,Pablo Cardenas,29/07/1961,-25,1494.25
94D9D4E4-3257-4568-8027-04E01219729B,Pansy Miller,30/07/1961,-26,1514.24
C8C69660-70C9-4F1B-B019-352CB29792D8,Phyllis Sanchez,31/07/1961,-27,1534.23
8CC0424B-85B9-4514-B56A-18AE901B638E,Dionne Munoz,01/08/1961,-28,1554.22
41D2A759-1776-4D0E-B7DC-A4E035C2C7B2,Cole Knapp,02/08/1961,-29,1574.21
06916ED8-CFE7-4C1D-8A6E-1C3AAB7F7416,Wally Hahn,03/08/1961,-30,1594.2
7C690812-4263-4449-B2CC-D3192AEE23F8,Harriett Baldwin,04/08/1961,-31,1614.19
FB97DF6C-38B5-4AEE-9CDF-ABEBBFA38657,Marsha Compton,05/08/1961,-32,1634.18
4B54B6AE-B5EE-40F1-8E6E-5937EA11B213,Lawrence Chaney,06/08/1961,-33,1654.17
5474ABB3-B14E-4617-845B-17E64844F380,Gustavo Copeland,07/08/1961,-34,1674.16
1A9898D0-AA5A-4621-BDA9-3465B6B3BB81,Janelle Fry,08/08/1961,-35,1694.15
342A14F5-5E6C-425F-A54F-F8C6FBD511B3,Ronald Fuentes,09/08/1961,-36,1714.14
99AE4505-CCC3-4429-916E-96C0D75B9D51,Ruth Daniel,10/08/1961,-37,1734.13
A97BBF63-90A8-46DD-A31E-0A9638944D80,Lilia Castaneda,11/08/1961,-38,1754.12
59B842BA-56AD-49D5-8481-F96C739AE3D5,Jacques Shelton,12/08/1961,-39,1774.11
FCAA26B8-4882-45FD-9FAF-40DDE66C1BED,Arlene Solis,13/08/1961,-40,1794.1
8557DD16-1396-4CFF-A7E8-241174EC977F,Tad Dunn,14/08/1961,-41,1814.09
6426DEF6-E5A4-402D-87A5-63493291FB6B,Valarie Fisher,15/08/1961,-42,1834.08
E6B3DDEC-FEDC-4889-BF36-0C4B062C0719,Calvin Boyd,16/08/1961,-43,1854.07
F37069F1-BDAC-40D3-BF02-9E5DA2839D55,Claude Hopkins,17/08/1961,-44,1874.06
7AAF393E-0C81-4596-BEE8-21805C33CDE3,Tracie Friedman,18/08/1961,-45,1894.05
FDAEEB5A-70CF-4A7C-9B4E-CDE084885540,Betty Velazquez,19/08/1961,-46,1914.04
208FB1ED-3AD2-4DC1-A71B-D5CA8283C2A2,Andre Collins,20/08/1961,-47,1934.03
AE17BD3C-247E-4B44-B038-D5C10C25F615,Lavern Hernandez,21/08/1961,-48,1954.02
592B16B4-28AC-493F-84E6-CE6D08BEEDE5,Romeo Mcgrath,22/08/1961,-49,1974.01
D1416309-9499-4958-B38B-FDD77BEFA566,Jeremiah Cordova,23/08/1961,-50,1994
C244F531-2020-424C-BF53-00C2D7030419,Freida Lam,24/08/1961,-51,2013.99
B7787B6F-BA2F-4C62-AEB0-F33238F8ED91,Erma Maxwell,25/08/1961,-52,2033.98
01B0CB6B-8A88-4FA2-A8C1-7E54E9B28C07,Cody Floyd,26/08/1961,-53,2053.97
0AAAC116-0FFE-4E77-BDC1-9AF2628207DC,Lottie Carson,27/08/1961,-54,2073.96
CA8769E0-8125-4E01-8591-125752BF405C,Freddie Ritter,28/08/1961,-55,2093.95
68ED3BA9-1513-4F3A-A87A-1AD074DF2FDE,Rochelle Rose,29/08/1961,-56,2113.94
943D5355-2473-45F6-945F-33D8A8D51828,Cortez Rojas,30/08/1961,-57,2133.93
253C16C0-C10E-410F-95E6-8B221C461F2E,Kathrine Russell,31/08/1961,-58,2153.92
0A688E76-A491-4783-A4A6-A0B6EF073491,Ines Harding,01/09/1961,-59,2173.91
F89892CA-26ED-4C03-8BEB-A661B0C2CF5B,Jordon Horn,02/09/1961,-60,2193.9
3181CB60-CDB6-4EF5-9D1D-8ECC7B4CC340,Porter Mcknight,03/09/1961,-61,2213.89
2AECA6E4-C10F-441A-A48A-740BA56F8DC8,Hassan Kemp,04/09/1961,-62,2233.88
347E0E30-43DB-4B39-AE93-23180A97A77F,Jennifer Hubbard,05/09/1961,-63,2253.87
73B77CE3-4596-4146-B032-D381A35D3D1B,Marla Gutierrez,06/09/1961,-64,2273.86
883B0197-915D-42C0-9F41-8C16C09373D4,Taylor Stone,07/09/1961,-65,2293.85
788B71C0-61E6-4389-8FE0-CDBCA2E798BF,Etta Good,08/09/1961,-66,2313.84
044FD3D8-3549-4499-8D62-D389E72092E8,Kennith Barron,09/09/1961,-67,2333.83
C6F6C65B-9DB6-4B5B-A49F-3BA315DAC9BD,Charmaine Stein,10/09/1961,-68,2353.82
7E64A658-2D4D-49F1-A86F-76470137972A,Christie Cannon,11/09/1961,-69,2373.81
FA16573B-D34A-4831-BB32-6D94354CAC76,Claudine Parker,12/09/1961,-70,2393.8
C1AAE8E5-3E84-4A33-B84C-7651ED8455E7,Chas Blair,13/09/1961,-71,2413.79
52C33DA9-3FF1-4D2D-8EC3-1079FD6324A1,Clifford Krueger,14/09/1961,-72,2433.78
CF539C40-14B8-43D4-A68D-517644160929,Lana Jensen,15/09/1961,-73,2453.77
AB981A63-09DA-4EA1-8C23-E8BCEA2D8238,Janie Page,16/09/1961,-74,2473.76
703455D5-4D28-476C-98A3-044628E7CAF5,Janis Michael,17/09/1961,-75,2493.75
7017124C-F6FF-4ABD-ADF8-DECAB916A558,Marta Hutchinson,18/09/1961,-76,2513.74
6120F1D7-2FE3-4DC8-8781-915983DA544B,Kristin Pope,19/09/1961,-77,2533.73
3A48A1C0-D219-48DB-B286-FED359D61792,Darin Deleon,20/09/1961,-78,2553.72
FACDB085-1134-41EC-B667-80F839D94FD9,Mavis Garrison,21/09/1961,-79,2573.71
0C173CDF-54D9-4A9B-A082-132114F72F62,Louis Valentine,22/09/1961,-80,2593.7
A38F472F-B2A3-4573-BD34-A085C9CE6A20,Martin Branch,23/09/1961,-81,2613.69
DB23CF11-D264-4AB1-9B33-035D8C521BD5,Flora Santana,24/09/1961,-82,2633.68
9F45AA10-B494-4883-BB47-F3940F19EFFC,Forest Ferguson,25/09/1961,-83,2653.67
6C4ACDA7-EE70-4E69-B304-3E1A82BBCCF6,Heather Rangel,26/09/1961,-84,2673.66
A2703824-50E2-400A-A1E1-C5DA2EC8B25C,Jamison Colon,27/09/1961,-85,2693.65
17B4CBDD-B7BE-47B4-9B9C-13E245520B9D,Jamaal Price,28/09/1961,-86,2713.64
B7A3102D-795A-4556-B0E1-B2072F40E995,Rowena Rich,29/09/1961,-87,2733.63
9A0E2666-668B-4369-A7F5-8E2F56875505,Antone Adams,30/09/1961,-88,2753.62
DAE11B59-D15F-473D-8A1C-8F2DF728EC22,Gabriel Burnett,01/10/1961,-89,2773.61
B63C05E9-E200-4029-B0D6-F357D5268295,Nadia Olsen,02/10/1961,-90,2793.6
D44964F3-3BE8-4439-90EE-F7A6B15EC70A,Nanette Bailey,03/10/1961,-91,2813.59
1198FE20-8A61-4B39-8D25-A3254C3DA53D,Carter Poole,04/10/1961,-92,2833.58
6114FBFB-AE24-4C88-9E18-09676F290BD5,Angelita Gray,05/10/1961,-93,2853.57
E40F942B-C49C-4314-B77D-6ED7D9459E26,Morris Jacobs,06/10/1961,-94,2873.56
9D9D002A-F7EF-4E33-8BA4-E9F21FED359D,Lynn Quinn,07/10/1961,-95,2893.55
B87698AF-6B7B-4F5C-A7C2-65539AD2AE7B,Johnnie Odom,08/10/1961,-96,2913.54
537AFF1A-BA94-4C0E-AAE1-439CEF548428,Leila Warner,09/10/1961,-97,2933.53
0D016554-FC1F-4015-8FB6-7328338E26AC,Kenneth Mccoy,10/10/1961,-98,2953.52
E393C011-801C-4C2E-8B19-2CCC529389A5,Summer Shaffer,11/10/1961,-99,2973.51
568CC0E8-9FD6-4839-877D-A2059FC9A435,Joann Mcclure,12/10/1961,-100,2993.5
F06C8DED-2F07-49A0-827D-A988A9355963,Houston Chandler,13/10/1961,-101,3013.49
462478BE-2412-409B-83EE-DC2BA014BF7E,Socorro Trevino,14/10/1961,-102,3033.48
34140FF2-924F-4940-BE41-BF2EC1931350,Vonda Dean,15/10/1961,-103,3053.47
A1F4EDDF-D092-4F2F-9246-82D2E8CD8E06,Dario Barton,16/10/1961,-104,3073.46
C8249010-63E4-4715-9ADC-452A5DE6FF7B,Gretchen Donovan,17/10/1961,-105,3093.45
1D038016-582C-4BB5-A68A-B6F9EC149D7E,Christi Morton,18/10/1961,-106,3113.44
4C5853D1-6ABA-4339-BD3D-78FDF382C8D5,Shawna Klein,19/10/1961,-107,3133.43
153F2992-B50E-4557-B5B7-56492DE00779,Roscoe Wolfe,20/10/1961,-108,3153.42
16A04EDC-D2D2-46F7-8365-41C355751237,Myrna Camacho,21/10/1961,-109,3173.41
8826B3C9-2765-447B-BC8F-9314B564B464,Maribel Fuller,22/10/1961,-110,3193.4
3BC62909-3CCC-4BD8-AFEC-36F0596E3425,Evangelina Cook,23/10/1961,-111,3213.39
E8F8FFCA-E11A-4E7D-A66B-14E8B4E649E2,Louella Richard,24/10/1961,-112,3233.38
23299B18-B26C-4452-AC58-3E14C55D0873,Lorena Howe,25/10/1961,-113,3253.37
37B545B5-49C9-40CC-A763-797450B84FAD,Jenna Mcintyre,26/10/1961,-114,3273.36
A7F535EB-190C-43DB-ACC7-A672EC0AD36E,Queen Wilkins,27/10/1961,-115,3293.35
D89482E4-8889-43CD-BC31-B4C962FF36C8,Brenda Dominguez,28/10/1961,-116,3313.34
7FED5FCD-DB3A-400C-BDD2-45F0040D91DF,Iris Newton,29/10/1961,-117,3333.33
A3AE26B3-7EEF-49D6-AA98-32D7A17A734E,Madeline Mccormick,30/10/1961,-118,3353.32
AC60A077-FFD3-4DFF-9459-A5FB73732C17,Isaiah Bauer,31/10/1961,-119,3373.31
7CFC1D70-8D8D-4ED2-BABD-428C560F7C0B,Salvador Grimes,01/11/1961,-120,3393.3
6FEF74D3-92E3-47E9-8738-C2CE7F2A371D,Tuan Conrad,02/11/1961,-121,3413.29
2FEADB68-64A5-4038-813F-F97E535577C3,Serena Ewing,03/11/1961,-122,3433.28
8091BCEE-F53B-448C-8A9F-A7F006FA9B6C,Mitchel Farrell,04/11/1961,-123,3453.27
3BF9CD76-54F9-43EE-88E3-812D84086456,Sean Wiggins,05/11/1961,-124,3473.26
15B4EE2D-472F-49E2-BF66-103E78D2A541,Rosie Rubio,06/11/1961,-125,3493.25
11E3B91D-CFCA-485C-9888-CABB41E72A55,Earlene Lindsey,07/11/1961,-126,3513.24
F04B6C28-9424-44BD-84FE-DCF2C7EC4DAF,Angel Hoover,08/11/1961,-127,3533.23
0D539CD5-AB8E-4A4A-A0E6-1375B1048851,Sherrie Levy,09/11/1961,-128,3553.22
6DE3EA5D-8CD4-4183-A350-48E049AF0A69,Max Brown,10/11/1961,-129,3573.21
619C0527-1203-47CF-8EF5-AA2A393E0BB4,Silvia Blanchard,11/11/1961,-130,3593.2
A2F4F2BE-9FA3-4236-B376-A1910A6100B5,Wilfredo Brooks,12/11/1961,-131,3613.19
3FA5436C-4473-44E3-9CD0-55E2008A1B69,Joel Valdez,13/11/1961,-132,3633.18
2E83F79B-D1D0-4E0E-84C7-A28C63045EC8,Demetrius Johns,14/11/1961,-133,3653.17
AE1D79AE-26D5-4AD3-BCCA-3933F32876D0,Delores Schwartz,15/11/1961,-134,3673.16
1BF910CE-9907-4F55-8D25-03BCCA8E4ECD,Isabel Patterson,16/11/1961,-135,3693.15
684FDB5E-CCFC-49A0-98A8-CE5BD56A5C72,Felix James,17/11/1961,-136,3713.14
FD731A81-CF2C-420E-BDA3-FAE49DA56462,Earnestine Rhodes,18/11/1961,-137,3733.13
B1BCD83D-430E-47F5-9DB1-1A78D72AA623,Newton Villarreal,19/11/1961,-138,3753.12
722965D1-E700-471A-B816-97B616D00CD4,Richard Andrade,20/11/1961,-139,3773.11
5249FC2C-A4E6-49B7-8311-E73254FC414B,Dwain Mcgee,21/11/1961,-140,3793.1
82EDBA81-3A10-4EBB-B81B-F12D4F6DDC34,Jesus Caldwell,22/11/1961,-141,3813.09
B94063BA-4BD9-4165-98AB-D7F492804EDE,Elba Swanson,23/11/1961,-142,3833.08
6663CB16-70DF-4BA8-967F-67D90EC5F282,Josef Peterson,24/11/1961,-143,3853.07
DA2E72CD-53D1-4EA6-8325-52E1B9A48F8B,Daren Watkins,25/11/1961,-144,3873.06
9D0AB6D3-08A4-45FC-ACE2-0CBDC58E9A32,Alphonso Woodard,26/11/1961,-145,3893.05
7E036F79-0119-444F-AFFB-626B665A36FF,Willian Brandt,27/11/1961,-146,3913.04
640424EE-9136-4762-ADBD-75D43872450C,Tiffany Dixon,28/11/1961,-147,3933.03
50D68BF9-4E87-4C86-AE7E-D6546E7A7E55,Lonny Ochoa,29/11/1961,-148,3953.02
09486206-99E5-4A1E-B306-51E894AE9370,Fay Hardin,30/11/1961,-149,3973.01
D33A0215-EE49-44DC-904B-5358D938EB8A,Ezequiel Zimmerman,01/12/1961,-150,3993
6C127CA7-3AF0-4776-8853-5E6E04C68C4F,Neal Davies,02/12/1961,-151,4012.99
E81B827B-6A4A-47F0-AFD5-F6FD11BCA469,Julianne Potter,03/12/1961,-152,4032.98
5C7A8524-B560-4A6F-A3E2-D4147E4FFF9F,Rosemary Arroyo,04/12/1961,-153,4052.97
B1EBAD0B-0B9E-4A24-9642-68CAD0755D3D,Jeanne Mccarty,05/12/1961,-154,4072.96
127CC0D8-B431-4981-A51C-8C8928D1D62B,Althea Melendez,06/12/1961,-155,4092.95
D1AE25F4-7B61-4659-8C36-EB7AF29A24F0,Filiberto Frederick,07/12/1961,-156,4112.94
C7306A36-560A-4843-99CF-054158D68AF6,Doreen Mcbride,08/12/1961,-157,4132.93
5C0724B5-6A76-4FAB-9DDF-6A7772EE71E2,Thaddeus Meza,09/12/1961,-158,4152.92
2668269C-907F-4DB0-9232-054DAD0FDB97,Jason Park,10/12/1961,-159,4172.91
6A8985C8-0B7F-4E41-A794-DFCC59DFB89D,Amado Ballard,11/12/1961,-160,4192.9
ACF1BFC6-BAEF-48BF-B931-DF9F3246BF8A,Robin Davis,12/12/1961,-161,4212.89
359F9D73-D248-4CC7-A661-990102EAD6BE,Kendrick May,13/12/1961,-162,4232.88
215EFB8F-88AB-43E6-B453-F305BBFFFE41,Derick Moore,14/12/1961,-163,4252.87
C9E7B6C6-BE47-44D1-9B55-D7A5920E1C92,Allyson Wilcox,15/12/1961,-164,4272.86
F3F09FA2-0C58-4981-BF6B-F42A817C7519,Randi Schultz,16/12/1961,-165,4292.85
6C6266CB-B7E5-4538-AB02-EEB31D53EA7A,Francesca Gibson,17/12/1961,-166,4312.84
87734754-3F23-45C4-91F6-6793AC12A8C5,Scottie Gonzalez,18/12/1961,-167,4332.83
373E0542-CC5F-42B2-84FA-FCCDB9C69C3A,Beverley Petty,19/12/1961,-168,4352.82
B6A75537-F395-4D85-8D02-496A9A5A9586,Maureen Hickman,20/12/1961,-169,4372.81
1162BD74-A671-440C-932C-88EF935ED8BF,Imelda Shepherd,21/12/1961,-170,4392.8
27032C7B-8BB8-4AB9-9DB6-4A87075D0D7C,Stephen Estes,22/12/1961,-171,4412.79
B8C7486A-25DF-4314-96A9-C19E5BDEFD7B,Erasmo Berger,23/12/1961,-172,4432.78
FAE0A1DB-EDC8-482C-92E2-4C3455B2034B,Ella Norton,24/12/1961,-173,4452.77
6D2BEF2E-675E-48A8-9E91-9969B8052C61,Judith Marshall,25/12/1961,-174,4472.76
094FCE81-4185-4946-AE57-FECBC9C47004,Modesto Giles,26/12/1961,-175,4492.75
43B9C7C4-2F9B-4A10-8486-D59BF08A5D5A,Shari Singh,27/12/1961,-176,4512.74
DD25E04A-9769-45DF-9D92-A16A36F35113,Melba Sellers,28/12/1961,-177,4532.73
A73A060E-BF63-4590-8D39-1496B54C8E6C,Marco Delgado,29/12/1961,-178,4552.72
DB8402F0-D870-4172-8399-EECD527FF2D2,Iva Hodge,30/12/1961,-179,4572.71
732ECA58-FE30-44F3-95C7-CFB2B8AF013F,Charley Atkins,31/12/1961,-180,4592.7
02967968-9544-43FE-8E29-06A35A9A552F,Roland Atkinson,01/01/1962,-181,4612.69
22CBDF3F-5C44-4E1A-BC1E-584ED0773552,Marlin Hall,02/01/1962,-182,4632.68
D4874869-BD74-4E67-8117-C4EA8F810BFA,Fletcher Walker,03/01/1962,-183,4652.67
74B45803-1502-409B-9B4B-BE6C50CCF7E0,Marcelino Lowery,04/01/1962,-184,4672.66
132568E9-21C7-4231-9C76-D7101A9BB4C2,Brianna Frazier,05/01/1962,-185,4692.65
E91A06D1-5BC1-4E67-B40A-6B718F8694E4,Susan Myers,06/01/1962,-186,4712.64
746A5CA6-E21C-4119-AE63-804309FDDCF6,Hope Mays,07/01/1962,-187,4732.63
4FEC2625-B4DD-4DA1-BAD9-60B214CE2077,Briana Skinner,08/01/1962,-188,4752.62
8707D2C2-2D55-462B-A8A5-7F6B40AE2B6C,Kirby Lawson,09/01/1962,-189,4772.61
1F3D3677-87A4-482D-B8CC-081BBE44CAD9,Kelley Galvan,10/01/1962,-190,4792.6
0BF556F4-DDFB-4572-804E-687FE42673F9,Anthony Mclean,11/01/1962,-191,4812.59
E541DB7A-B908-437D-8EDB-BFF39FCDFD73,Reinaldo Tyler,12/01/1962,-192,4832.58
77D2048F-238E-49CD-8F44-5947F432ABF2,Hugh Ware,13/01/1962,-193,4852.57
6382E684-CA78-463F-A270-0B3EDE4FB9B8,Lakisha Gibbs,14/01/1962,-194,4872.56
A0F8D366-9DCB-45D8-B314-919EA735C21E,Jude Lane,15/01/1962,-195,4892.55
21543485-7788-4189-A66C-41A4A9179F66,Nikki Buck,16/01/1962,-196,4912.54
94758DAC-6FAB-41C5-9015-F3DD2EBD9274,Effie Clay,17/01/1962,-197,4932.53
7EC38D2B-8532-40AC-A3D2-C121ACFC894D,Quentin Randolph,18/01/1962,-198,4952.52
EDFBFA8E-2356-4CA8-9345-D33E7E5B3323,Santiago House,19/01/1962,-199,4972.51
62768DE1-CB96-40BC-81C5-BD4BC50BD842,Yolanda Ross,20/01/1962,-200,4992.5
C9ABACB5-3B43-4526-8016-754B192D903E,Dianna Mccarthy,21/01/1962,-201,5012.49
3A71DCE9-DB48-442D-8AEB-0C5EF5FAE605,Lorna Oconnor,22/01/1962,-202,5032.48
0767E711-A5DF-4695-B42D-57B8985881B3,Son Navarro,23/01/1962,-203,5052.47
79247A69-7343-4E66-A410-60976A09EB0E,Rebecca Waters,24/01/1962,-204,5072.46
201D77DC-FF8A-4DA9-8A84-0F3516108595,Blanche Horne,25/01/1962,-205,5092.45
4725A346-F545-4085-B729-34AA7442DBCB,Esmeralda Travis,26/01/1962,-206,5112.44
B7882ECE-B21C-45D6-9BC0-4F461F491476,Grady Mason,27/01/1962,-207,5132.43
65C43CDE-4158-448A-A325-FCEB66419323,Emil Carr,28/01/1962,-208,5152.42
72893CE7-DA72-4D42-A875-85464DE2D7B1,Valentin Barry,29/01/1962,-209,5172.41
0EA69469-2D6F-49BF-AD59-950F450929F7,Adrian Pacheco,30/01/1962,-210,5192.4
B1D5337E-954B-427D-8DA4-38C22F80BC0F,Buster Haley,31/01/1962,-211,5212.39
5EB1B476-F6D5-4B01-89DE-F3477675FF90,Jospeh Pierce,01/02/1962,-212,5232.38
A97635CF-9EAB-43C8-82E2-DC35EE6EB419,Joesph Green,02/02/1962,-213,5252.37
E529623C-3178-4685-86FF-0BA3FFC8350F,Rogelio English,03/02/1962,-214,5272.36
0C16A414-B4EA-4597-9BD7-A0093F07FE8E,Basil Whitaker,04/02/1962,-215,5292.35
1745BEAE-F557-4445-ACC4-515BAD7249E9,Gina Booth,05/02/1962,-216,5312.34
0413E597-0856-4277-8C88-B9B667880297,Wilton Parks,06/02/1962,-217,5332.33
2B232DD9-4D25-4BDF-BF93-FC404C9BCDCA,Jeramy Cantrell,07/02/1962,-218,5352.32
13D83199-57AF-4124-8289-E2B784CE6BD7,Renato Stewart,08/02/1962,-219,5372.31
6C9A9542-0B76-4500-AE85-255C15DEC80B,Sylvia Villegas,09/02/1962,-220,5392.3
7A8F010D-0602-43A7-BC2A-6BAC85024776,Arlie Clayton,10/02/1962,-221,5412.29
84E8B3C7-A0C4-4902-9B83-7079EF6CB479,Vaughn Nicholson,11/02/1962,-222,5432.28
06A185BC-E6CC-4300-A93C-DE42EAF4859B,Dana Hartman,12/02/1962,-223,5452.27
56AB5F67-D1E0-4E9E-9EE8-DC6A0EE3CDD1,Kitty Rosales,13/02/1962,-224,5472.26
9E2C1DC7-00CA-4A79-A8BA-D410D73E2206,Irwin Hicks,14/02/1962,-225,5492.25
CAE060E9-F497-4B6C-9FBB-33CB580160D4,Alexander Randall,15/02/1962,-226,5512.24
BC033F30-A40D-4308-A817-8114A5D99942,Haley Mahoney,16/02/1962,-227,5532.23
568015A4-518A-4930-BB22-E0A424ACDB10,Chung Aguirre,17/02/1962,-228,5552.22
93E62485-59A2-4052-AB7F-5562B0300E55,Wayne Morgan,18/02/1962,-229,5572.21
AB3188CC-4668-4243-A393-A1DE69883E00,Avery Huynh,19/02/1962,-230,5592.2
EB1BE0BA-53FD-4887-94C8-8CA56FF32F31,Lorene Terry,20/02/1962,-231,5612.19
560AABCA-42D6-42B6-A483-8B422CFC837A,Travis Duncan,21/02/1962,-232,5632.18
058C15A6-0561-4CBC-9F34-6A7F2A364A4D,Rudolf Kim,22/02/1962,-233,5652.17
A5CFFEE3-E3C9-4384-B280-5252D1B26BA4,Ezra Welch,23/02/1962,-234,5672.16
366DEB18-7DCD-46B3-93F5-1EE4F81776CB,Geoffrey Bautista,24/02/1962,-235,5692.15
3CE39486-BA71-47A7-9334-2B28C3987D34,Scott Proctor,25/02/1962,-236,5712.14
FE355DE5-FDF4-47B6-819D-21752B5685C0,Marva Foster,26/02/1962,-237,5732.13
DD3B3A1E-26A3-467A-A5F0-D787592DE78D,Lonnie Jimenez,27/02/1962,-238,5752.12
08995924-4477-4FC6-9F7A-A00FA8303BD5,Angelo Harmon,28/02/1962,-239,5772.11
BA5AFBB2-4BE5-45F1-B18D-C99DE9584388,Fred Carroll,01/03/1962,-240,5792.1
40FDD741-611F-4176-B932-08BCD011CDDA,Concetta Cameron,02/03/1962,-241,5812.09
5F7225D1-FB51-46DF-9A18-A4A230A08935,Essie Torres,03/03/1962,-242,5832.08
AAB320DB-38DD-41AF-95DA-5A6FEDF5B4B8,Cornelia Moyer,04/03/1962,-243,5852.07
6417E017-1396-48C0-9638-8093100CAF78,Domingo Petersen,05/03/1962,-244,5872.06
D8DFF6DA-D0B0-445D-9834-83288CF3E6BD,Elvia Campbell,06/03/1962,-245,5892.05
71BAEFB0-2917-4635-9F56-500063FE0A3C,Del Bond,07/03/1962,-246,5912.04
30244AF8-80C9-44C2-AC1A-8133C731DFF7,Staci Briggs,08/03/1962,-247,5932.03
A028C8CD-E703-4E9C-979E-6B7EC83D5754,Elbert Crane,09/03/1962,-248,5952.02
5F466539-52F4-4165-B282-2529BBFB35D1,Riley Wright,10/03/1962,-249,5972.01
4D2E54DA-FB84-4AE6-97F9-29674D95CF03,Carmen Pittman,11/03/1962,-250,5992
41A271CC-9395-475D-B724-9A8B5E406137,Jamie Dickerson,12/03/1962,-251,6011.99
EA02783A-E5AA-469B-9155-23106721C8F0,Florentino Lucero,13/03/1962,-252,6031.98
FE9E78F0-8306-4BD3-ADDC-604A3E4BAAD0,Quincy Alvarado,14/03/1962,-253,6051.97
35F640F4-9E3C-4FA0-AA54-318314DB707C,Diana Terrell,15/03/1962,-254,6071.96
6DABC37B-5647-4EB5-A8CC-BDA24D94507B,Bradley Shaw,16/03/1962,-255,6091.95
F8E7A9CD-61E8-4797-B949-F3C2A7244B9B,Mary Cain,17/03/1962,-256,6111.94
137F9BE7-CC3D-4DA3-8C9F-F06C8AC6F0B4,Steven Cuevas,18/03/1962,-257,6131.93
55CA8775-AE2A-40A9-A25A-1D07554D2E4C,Mose Ayers,19/03/1962,-258,6151.92
0F9DB9B5-56D9-4F9F-8CF8-5C1B78B73207,Andrew Stanley,20/03/1962,-259,6171.91
20717F30-D4A8-43C3-A225-12964AEC0745,Shelia Mclaughlin,21/03/1962,-260,6191.9
B0ABE012-7F10-4DCA-98FE-BF167288A32D,Dona Diaz,22/03/1962,-261,6211.89
5710D151-6E7E-462F-89A3-E2050CE38D02,Marcos Russo,23/03/1962,-262,6231.88
ABE762D1-D1DD-4171-90ED-D58E1596F61E,Terry Vaughn,24/03/1962,-263,6251.87
58CD973B-0EC6-499D-94CC-269259552E73,Katie Arias,25/03/1962,-264,6271.86
07F9E6C6-734C-4F71-B31B-48996C8EBFF9,Pam Richards,26/03/1962,-265,6291.85
36B3DFED-C76B-494C-87F2-C1BF145BDADA,Nelda Burch,27/03/1962,-266,6311.84
36FD464F-1757-4B8B-B2B9-8FFB007677DE,Ruthie Reese,28/03/1962,-267,6331.83
FBD63B43-ABD0-4268-ADA0-6040910080F6,Berry Castillo,29/03/1962,-268,6351.82
A83F6B39-07E1-4961-85E6-D0C2BA907B2E,Donny Marsh,30/03/1962,-269,6371.81
7EBF21B3-0C2C-4245-B850-BFDBCB11E611,Dewitt Fernandez,31/03/1962,-270,6391.8
454254A0-AD98-453F-9366-65D46BD2F52F,Harriet Dalton,01/04/1962,-271,6411.79
11717B63-8F39-4E84-9CFE-BFDACB761575,Ingrid Murphy,02/04/1962,-272,6431.78
6216A171-4AE4-4AB2-9316-9F18CB90868C,Caleb Ward,03/04/1962,-273,6451.77
4F4E481D-C0CB-4420-85BE-80E0BA97B0CA,Caroline Paul,04/04/1962,-274,6471.76
F93650A8-2417-4239-82EF-1F32D38A909C,Katharine Moran,05/04/1962,-275,6491.75
9C7278C0-9FD3-4725-8B0E-AF3282A2EE3F,Fritz Frye,06/04/1962,-276,6511.74
DA0F071C-6722-4968-B7B7-C10E03165279,Rory Berg,07/04/1962,-277,6531.73
1E209C26-FBED-4E78-8EF0-98AF47D976D4,Emerson Mayer,08/04/1962,-278,6551.72
678CDB43-17CB-4671-817D-B57B4B90375F,Ina Clements,09/04/1962,-279,6571.71
0A76F589-024E-4A57-AA83-A2E9071A0500,Eddy Harrison,10/04/1962,-280,6591.7
0E18C879-A84B-4615-95E9-4C3D3D3A69D9,Haywood Peck,11/04/1962,-281,6611.69
D7017435-A4D4-4647-9D09-98961164E92C,Adolph Khan,12/04/1962,-282,6631.68
119B7F91-18D9-46D9-9B93-9FC18300AEBA,Reid Mitchell,13/04/1962,-283,6651.67
9C0009B9-5EE0-4E97-B98A-6EEAFE4652BE,Darell Wells,14/04/1962,-284,6671.66
1F900CF9-4F21-4A02-A292-A730C0F387D4,Emory Bates,15/04/1962,-285,6691.65
3713CFC8-E1D1-4F27-9B28-525842F88CBA,Roberta Osborn,16/04/1962,-286,6711.64
211EA9C3-BDE6-4A6F-ABBF-AC9BF3410E07,Cherie Schroeder,17/04/1962,-287,6731.63
FC3AB5CA-7454-400D-8059-2B6AAC85153E,Jewell Long,18/04/1962,-288,6751.62
3CC1B3E2-2909-49EE-B54F-D7C8ED7C0E3E,Adan Lutz,19/04/1962,-289,6771.61
92B267D5-8ACD-49E7-A6B1-BB3DBC252B9C,Herminia Melton,20/04/1962,-290,6791.6
9CFE6FF5-72F1-4335-BFBA-BD3E76FF641B,Lynette Hawkins,21/04/1962,-291,6811.59
062DEAB5-EC0D-47D0-ABAB-99FB366EA7DD,Herb Pearson,22/04/1962,-292,6831.58
C6643ADD-F621-4A9E-9E72-B0BEA293E8A2,Emilio Acevedo,23/04/1962,-293,6851.57
D0625D5A-4489-46CD-8269-AD2B423272DF,Adalberto Olson,24/04/1962,-294,6871.56
7FAAAB20-E8E0-4ACD-BB14-B88F259E849A,Diann Barber,25/04/1962,-295,6891.55
E783740E-F403-4BD1-9F7F-B0D13B880DF9,Patrice Ford,26/04/1962,-296,6911.54
7CDB8C4A-50E1-4C54-960A-03EDBCD5114C,Mari Crosby,27/04/1962,-297,6931.53
92CA1112-9D1A-49F1-AFCA-D5A857F3EA94,Rupert Casey,28/04/1962,-298,6951.52
31E04B0B-1F50-427B-897E-971A66B2971A,Monica Gillespie,29/04/1962,-299,6971.51
58D02704-EC78-48F2-A5E8-207BBF21E8A4,Karla Stephens,30/04/1962,-300,6991.5
AFC3E4AE-E86F-4886-B6B1-F49D6EF3D307,Roosevelt Macdonald,01/05/1962,-301,7011.49
BDB0E238-E11B-4BC3-ACFA-3BC1E82F1568,Stevie Nixon,02/05/1962,-302,7031.48
981506C9-A073-4D7E-A5BB-A1B57C6FA8AB,Dolores Mccall,03/05/1962,-303,7051.47
7CC950F5-E073-4A31-9BDE-F122761394BC,Francine Pace,04/05/1962,-304,7071.46
187741AA-94BA-4888-A69E-30834C901CE9,Chase Perry,05/05/1962,-305,7091.45
DF3921A4-D23A-4010-B1DA-BF3FCFB52732,Hattie Mueller,06/05/1962,-306,7111.44
6C35D90D-A2DB-4167-B191-A987E416F58F,Odell Hale,07/05/1962,-307,7131.43
3172D957-8EB3-4442-BA08-A8C9F7AA7F57,Elva Mcclain,08/05/1962,-308,7151.42
2184357B-B281-4EE7-8080-6367F182AE05,Lolita Rodriguez,09/05/1962,-309,7171.41
E79D7369-9D33-40F6-BC29-20442DCB61E7,Randolph Solomon,10/05/1962,-310,7191.4
E6E8FAD4-25F5-4552-9038-370E0D2D47C0,Alfonzo Gamble,11/05/1962,-311,7211.39
64D5C6AF-7F12-498F-AF18-A5BDF62F4FD5,Lisa Holmes,12/05/1962,-312,7231.38
EFF2DCD4-D656-49E5-851B-ADDE2BA6E27E,Gerry Fritz,13/05/1962,-313,7251.37
7F3A51C2-7C5E-4C81-96FE-B280EE876E1B,Bruno Yoder,14/05/1962,-314,7271.36
151B6B66-211F-4568-AEF2-B39F19C0479B,Nancy Ramsey,15/05/1962,-315,7291.35
EA6C00AC-48C4-4D05-96C6-1E262935999F,Christa Marquez,16/05/1962,-316,7311.34
67309C8D-59EC-4F4C-AB02-E75485AB453A,Rick Ibarra,17/05/1962,-317,7331.33
0704B739-282F-4794-A5E7-E7F03D296EE5,Chet Hester,18/05/1962,-318,7351.32
6F02CFCA-0019-4E52-8DEB-B63BCF74AEA4,Adela Wood,19/05/1962,-319,7371.31
32AB8023-4C70-4019-90A9-8C21DFFB1A31,Laurie Kelley,20/05/1962,-320,7391.3
8EF840A0-6085-4B6A-8FD6-F06A0216E271,Young Donaldson,21/05/1962,-321,7411.29
21F1CA5B-1A4A-4773-AEA4-4D2D7F2CCC44,Lewis Valenzuela,22/05/1962,-322,7431.28
CFFF3C2E-AC37-4EF2-AC6F-9533454162C6,Krista Delacruz,23/05/1962,-323,7451.27
A127D43B-6541-4C6C-8012-DCB59E2E437E,Douglass Herring,24/05/1962,-324,7471.26
850AD5E0-F10C-42E3-AE75-F67B23A175D7,Mariana Simpson,25/05/1962,-325,7491.25
FEC04B58-5575-49F7-B074-940A56E5E02D,Roderick Griffin,26/05/1962,-326,7511.24
D7E4194B-0907-48FF-9933-39063225C903,Lucio Mcdowell,27/05/1962,-327,7531.23
4606451E-D906-4067-988D-8ACF56443DF6,Melvin Bruce,28/05/1962,-328,7551.22
0CC72066-FAA4-4BE6-B422-A4E712CA7D0E,Karen Spencer,29/05/1962,-329,7571.21
A44A623C-2453-4620-82BF-3677051AF223,Benny Houston,30/05/1962,-330,7591.2
F055B405-C27E-4747-B611-4C5153BCD409,Katy Higgins,31/05/1962,-331,7611.19
1F13F6BA-FCC3-4D9B-80C1-3A509197D166,Mercedes Juarez,01/06/1962,-332,7631.18
A66201DC-2C3F-473E-906C-F94C48D6D3AD,Marina Soto,02/06/1962,-333,7651.17
2D98904B-9CB1-4376-B87D-AC2994137294,Bradly Marks,03/06/1962,-334,7671.16
5486437B-91FC-49ED-85AD-ADD34494E530,Tom Chambers,04/06/1962,-335,7691.15
086D0675-4ED5-4EEC-B521-107894C0F3C9,Margo Cisneros,05/06/1962,-336,7711.14
6288C2BA-43FE-40FD-82B0-B53AE5176419,Dennis Everett,06/06/1962,-337,7731.13
7DC8272D-8FF5-48D3-9371-BC922D8E45F5,Evangeline Mercer,07/06/1962,-338,7751.12
ECBE4BAD-28EF-4D21-A338-7EE652F6AC20,Edison Holland,08/06/1962,-339,7771.11
00C53374-3F88-4165-BA43-1A4C00649509,Loren Macias,09/06/1962,-340,7791.1
0E849D43-9870-45B7-BAF9-15DC8704C1CD,Francisca Mann,10/06/1962,-341,7811.09
F5A375E8-AF27-4A34-B55A-6F16EEBB4F5C,Kristi Weeks,11/06/1962,-342,7831.08
00BB31F3-928A-4F1A-B7B8-60F1778FAB97,Sergio Suarez,12/06/1962,-343,7851.07
A4AB4B13-90AF-48BB-8031-5DBDC0716408,Stacy Bowman,13/06/1962,-344,7871.06
7CF707CA-37F5-49B2-AC8B-B143290D0506,Edna Flowers,14/06/1962,-345,7891.05
3DE4C7B6-1F43-4E95-8831-8CF9A7F118AD,Jefferson Beck,15/06/1962,-346,7911.04
26FF3CE4-88F4-4E6B-873A-05BEB5919BED,Deloris Spears,16/06/1962,-347,7931.03
2E0B6CD0-9F95-4717-81D5-415152DC4BD7,Leonard Yu,17/06/1962,-348,7951.02
2E5686B8-B046-47CC-BD27-92B196369436,Allan Gonzales,18/06/1962,-349,7971.01
EB47D6E7-8869-45DB-8F41-780B43F027BE,Shanna Keller,19/06/1962,-350,7991
B94F1F0B-317E-4970-B9E9-DB6BE9FD2972,Sydney Cole,20/06/1962,-351,8010.99
45A2BA08-E010-4CE5-B3EA-B5B18FF4A3EB,Craig Mcfarland,21/06/1962,-352,8030.98
BD6E8EE3-C24A-4CFD-9BFF-10F6402FEE47,Sid Valencia,22/06/1962,-353,8050.97
33EFF4FC-1CBD-4443-8045-A03D242DB11C,Sherri Pitts,23/06/1962,-354,8070.96
8E2672C1-FD97-4B3F-918F-43CCE2E27DD1,Emmanuel Fletcher,24/06/1962,-355,8090.95
9C2A50BC-E746-40D8-BD31-DF9540700255,Randal Hughes,25/06/1962,-356,8110.94
79FE034C-5E36-40FD-8EF2-2AF045483AD9,Wes Neal,26/06/1962,-357,8130.93
E03A8FEF-8715-4616-89CE-8E46F18EF981,Shayne Ramos,27/06/1962,-358,8150.92
A4618DD0-5AC0-4087-B80B-CBBA5F456BAC,Bryon Church,28/06/1962,-359,8170.91
E854C200-C164-49BD-B29E-2707BA4E3F26,Toney Nichols,29/06/1962,-360,8190.9
B7ED2CA1-7FB1-4B61-AE90-4AA1CF9BBEA4,Domenic Decker,30/06/1962,-361,8210.89
7855C6C4-B1DA-4259-97B2-55E3A230D9FA,Jonas Lin,01/07/1962,-362,8230.88
4B398D7A-A821-4AA1-8B78-79B124B1B87F,Goldie Todd,02/07/1962,-363,8250.87
F215AB9D-F8D4-465D-89C3-E59AE2154F47,Olive Rowland,03/07/1962,-364,8270.86
249A2494-D1A0-4644-9897-EFEECBFCFC95,Clarice Contreras,04/07/1962,-365,8290.85
9EF19105-B08E-426C-A62B-4828E5BA2633,Brice Lewis,05/07/1962,-366,8310.84
C416F08A-5EDE-4C26-980C-787F1F9BBD85,Robt Heath,06/07/1962,-367,8330.83
3A2E2906-05A7-4950-BA28-D08E4E6C3F7F,Hester Sutton,07/07/1962,-368,8350.82
109BFEE5-AC0E-4027-BFBA-C8A436F48AE2,Eunice Acosta,08/07/1962,-369,8370.81
B7C4030C-349A-46E7-938F-2591297D7CB3,Truman Hayden,09/07/1962,-370,8390.8
2AF84701-A9CC-4C52-92CF-7CC792E7C09A,Alfreda Brewer,10/07/1962,-371,8410.79
646CCFCC-6E2C-4DF5-8C39-19EBFE101E7E,Eddie Murray,11/07/1962,-372,8430.78
0B137FD1-E292-430A-A196-CDB5BEDCC1DF,Dorsey Wu,12/07/1962,-373,8450.77
40E5DC96-AC22-46FF-BAB3-33FED9EDA4B3,Brenton Pollard,13/07/1962,-374,8470.76
D11FB1E1-8398-4D19-91D8-0FE26AE32B78,Dirk Snyder,14/07/1962,-375,8490.75
4E872CD4-A0C1-4517-995A-8DEDB321653B,Vilma Goodwin,15/07/1962,-376,8510.74
681E7E37-D238-401E-8856-82B0BD8985F5,Josiah Jones,16/07/1962,-377,8530.73
6E8FC11E-2C5D-48B4-BA55-496AE43272C8,Patti Dickson,17/07/1962,-378,8550.72
3D975972-AAF8-493C-94AF-310742A3CEDC,Irving Moss,18/07/1962,-379,8570.71
059CD3E1-0EE6-480E-A981-B5BBC5F22F00,Marisa Davenport,19/07/1962,-380,8590.7
20EF7F59-6398-4D07-958A-805AC49AB2F6,Denise Parrish,20/07/1962,-381,8610.69
B44189D5-B7F9-4D12-A42C-87BCC86FC06E,Buford Carey,21/07/1962,-382,8630.68
6719769F-9D2E-454D-A563-75DC7B284F49,Madelyn Mcdaniel,22/07/1962,-383,8650.67
2FA9B873-72BF-4274-A586-D7E54B3293E6,Albert Ayala,23/07/1962,-384,8670.66
CF02A387-1305-4FDB-B2C5-083B31E6F618,Lenny Maldonado,24/07/1962,-385,8690.65
9715CD74-C622-4582-9EF3-BEB98AEA9F10,Vivian Middleton,25/07/1962,-386,8710.64
D8940BFE-E54E-419D-B93B-84CA759F5481,Pearlie Schmitt,26/07/1962,-387,8730.63
A5653A1B-A51E-4699-A6D3-BF462D83CD82,Magdalena Buckley,27/07/1962,-388,8750.62
51A0CBF8-8582-4740-A5A4-FB16C5CAA4F8,Linda Coffey,28/07/1962,-389,8770.61
7F650569-C8C7-4BFC-BF68-424E856C14E3,Rosalyn Armstrong,29/07/1962,-390,8790.6
9403E144-662A-4AA4-846E-78019C68DCF8,Theo Jackson,30/07/1962,-391,8810.59
25D7D225-5C55-4662-A259-8F96E8898042,Delmer Morrison,31/07/1962,-392,8830.58
FAAFF312-7BE1-41A9-A1A0-0E811407D3C0,Carmine Wilson,01/08/1962,-393,8850.57
56CE686E-B2BF-47D3-8D10-8C3DD11DD6D2,Enid Saunders,02/08/1962,-394,8870.56
CB0AD3C5-3783-4264-90A6-39025069BF49,Alvaro Kramer,03/08/1962,-395,8890.55
929DFF51-709E-45DF-9724-8E8FDD9557CB,Marlene Li,04/08/1962,-396,8910.54
0048E609-D491-41D6-A03B-4D427B91672F,Lowell Owen,05/08/1962,-397,8930.53
938FABC1-A542-4192-BB3E-EB86ED594721,Tyrone Norman,06/08/1962,-398,8950.52
C381497B-3E6D-41D3-A7A6-D0D99203CE85,Jeffery Collier,07/08/1962,-399,8970.51
8727E055-DEC8-43A8-BF8A-01CD6A6007A2,Latoya Clark,08/08/1962,-400,8990.5
63035B26-DC68-4CF4-AC97-B17BD9D219E6,Georgina Bernard,09/08/1962,-401,9010.49
1C23EC96-377C-4E6F-AAF5-4F5167A1C605,Eve Gregory,10/08/1962,-402,9030.48
410FF9EC-C59F-4017-9BF6-0F69296CD549,Christoper Shepard,11/08/1962,-403,9050.47
6BBE0860-95EE-4168-851F-3C1F6B5E8EAE,Candice Guerra,12/08/1962,-404,9070.46
3B23225F-054F-4E5C-A258-501FAA76589F,Berta Noble,13/08/1962,-405,9090.45
9812BD4E-3FB7-42A1-8380-76A28E17534F,Ariel Weaver,14/08/1962,-406,9110.44
16AF80E7-57B6-4071-B870-2338864B43F6,Andrea Savage,15/08/1962,-407,9130.43
4070593E-46CB-42AD-9C0C-8186E87D8C67,Jermaine Hudson,16/08/1962,-408,9150.42
1E98593A-DCF6-49BC-ABEF-22E06E5B0F49,Frank Butler,17/08/1962,-409,9170.41
F21B9CF2-BD61-4EF8-9219-62E22ABB826E,Tobias Choi,18/08/1962,-410,9190.4
1A13CE6B-FF8A-44EB-8B3F-D658D1CDBED3,Odis Maddox,19/08/1962,-411,9210.39
EF08E8F8-0704-4B3A-962A-DF09BBB98D39,Mildred Mckenzie,20/08/1962,-412,9230.38
60DC2C41-EF0D-4B85-A86D-B50ACC47E719,Garrett Black,21/08/1962,-413,9250.37
96237AE1-6BEB-4DC6-8D33-29017A4CC922,Lorenzo Pham,22/08/1962,-414,9270.36
E0255DAB-E4ED-4C0D-BF2B-99A8300F51A6,Perry Avila,23/08/1962,-415,9290.35
E5D41CC0-1584-4CB7-B660-68843143AF5E,Drew Archer,24/08/1962,-416,9310.34
9A02EE13-64F9-4A53-8E55-F9BFC0443A58,Dan Hood,25/08/1962,-417,9330.33
9CBD788A-B0EA-4B67-B367-CDF60F673D99,Jeromy Flynn,26/08/1962,-418,9350.32
9F974AE0-079A-420F-8D94-028F15EE5882,Esperanza Lambert,27/08/1962,-419,9370.31
968F7B6E-5183-4E58-9DC5-8D9603A183A9,Donn Cowan,28/08/1962,-420,9390.3
DE38F6E4-4018-463F-BD93-5BCFAEEB8F53,Armando Frost,29/08/1962,-421,9410.29
D8D59A1A-E9CE-4591-8C65-31B7E00DE4B1,Vera Cooley,30/08/1962,-422,9430.28
DC294270-DA8E-44B5-B7CB-29A321740B4C,Lucy Larsen,31/08/1962,-423,9450.27
464046BA-107A-4FFB-B87D-3E027CC7F397,Paris Ashley,01/09/1962,-424,9470.26
C7E88FE0-23E0-4009-8C3B-BE346D019B12,Josue Powers,02/09/1962,-425,9490.25
93CC4730-1D9E-43E5-AFE9-7494DDB67158,Madge Hooper,03/09/1962,-426,9510.24
A1928004-97AA-45D8-87BB-17A8F46AE770,Dante Rush,04/09/1962,-427,9530.23
AF2835DC-0579-48FB-AF16-473EC4DA87CD,Yong Downs,05/09/1962,-428,9550.22
DA96E4FB-AF0A-4BA2-8C22-5975590F41F0,Myrtle Humphrey,06/09/1962,-429,9570.21
CB48E978-9940-46D4-92AE-7CFBA085A669,Jimmie Obrien,07/09/1962,-430,9590.2
1D732974-A66F-45BA-815A-389721323943,Suzanne Wise,08/09/1962,-431,9610.19
554D1272-D299-4DB7-924A-974FD06BBC87,Bret Barrera,09/09/1962,-432,9630.18
8A887927-417A-4C9F-8310-4FE3B9762C44,Kenya Holden,10/09/1962,-433,9650.17
85C18434-5424-44BA-B786-C018D8FE4149,Frederic Hardy,11/09/1962,-434,9670.16
418FD97A-DC4C-4C43-A549-5174BF6D2C5D,Helena Owens,12/09/1962,-435,9690.15
94E95578-0AB4-4711-B815-BF9FB0774D77,Emmitt Moon,13/09/1962,-436,9710.14
D0F1E3BD-AF37-4FAA-8C72-F56EF4911CCE,Charlotte Phillips,14/09/1962,-437,9730.13
BCD7BE98-0C79-43D8-AF7E-4FCD10D1C77D,Rodney Gentry,15/09/1962,-438,9750.12
A16817AC-A05D-4311-A642-A6CD13BDC99A,Melisa Dodson,16/09/1962,-439,9770.11
A09F84A8-FA5E-4948-AB71-263F52F4E1C4,Rosario Ponce,17/09/1962,-440,9790.1
F977515F-6049-429A-BB3D-67F009378788,Raul Wiley,18/09/1962,-441,9810.09
8352A183-4A26-4F9B-AA0C-424F1B2F9500,Jaime Abbott,19/09/1962,-442,9830.08
DC4910CF-B149-4083-BFEC-DD958831588E,Grace Kaufman,20/09/1962,-443,9850.07
5E732A30-516A-4B07-AFB8-5EAB71E75248,Homer Kent,21/09/1962,-444,9870.06
5E28D83A-324E-44C6-B4BC-91CD81003EB4,Guy Figueroa,22/09/1962,-445,9890.05
10BC8C25-D1A6-4DD9-83BC-71737D6F60B9,William Sampson,23/09/1962,-446,9910.04
514F991D-21D4-4EBF-92FD-C4D88CB39760,Federico Kline,24/09/1962,-447,9930.03
2DEC4BE4-0610-4797-A2F8-AE3C1E3B8264,Paula Hill,25/09/1962,-448,9950.02
AD8AD617-2895-4C8E-8BEC-14E405B84C22,Reuben Hurley,26/09/1962,-449,9970.01
47A2C2B3-3374-43DC-AE8D-E6B9139A5E08,Patrick Ramos,27/09/1962,-450,9990
3D45B4CB-3640-4725-B33F-9167B355E951,Wallace Ellis,28/09/1962,-451,10009.99
70BC4B95-866D-463F-9026-3FAD02A260B6,Lazaro Pacheco,29/09/1962,-452,10029.98
52DAB78D-EB8C-4EC9-9FC9-0D4BC25E5923,Teodoro Wilkins,30/09/1962,-453,10049.97
D37CCE1C-8408-4310-B59D-3BEAF6F12B2C,Douglass Rose,01/10/1962,-454,10069.96
3BAB60AE-E866-4EAC-8E5C-FB6847895AC6,Callie Allison,02/10/1962,-455,10089.95
7D44A8BB-BA2E-4BFF-9404-493DF79A4A4B,Lilia Velez,03/10/1962,-456,10109.94
619B7AFD-79F3-4E45-BECF-B0665E0E296E,Everette Bright,04/10/1962,-457,10129.93
69E3C2F9-E159-4E40-B0C5-76C6A5464D55,Jacklyn Stephenson,05/10/1962,-458,10149.92
2CC49F64-2A90-430A-9BB8-6700A6CC84AF,Kristofer Robinson,06/10/1962,-459,10169.91
4CA18B7C-B9D9-4BF9-B3B0-6A4A0EBBBF58,Annmarie Sampson,07/10/1962,-460,10189.9
053FAA80-1118-4C17-827F-7B522D782834,Clarice Nunez,08/10/1962,-461,10209.89
060B4617-F758-4674-B406-346632C7E3A9,Roman Jefferson,09/10/1962,-462,10229.88
F32913A3-6406-45E9-85E5-A7C4F1D0E031,Santo Santana,10/10/1962,-463,10249.87
C785517F-C068-41F8-9F5B-FD9AA30A0274,Fanny Miles,11/10/1962,-464,10269.86
81F8C120-91F3-422F-824F-9702007CFDD7,Tony Stevenson,12/10/1962,-465,10289.85
AFF6E962-8F4C-447C-A84E-4420DA7DA1F2,Dante Garcia,13/10/1962,-466,10309.84
5DE43953-6933-4160-A996-72F832F9F813,Ryan Galvan,14/10/1962,-467,10329.83
A1F50C46-3A02-4831-81DF-AB11F0BB2EE4,Graham Velasquez,15/10/1962,-468,10349.82
7CAEF281-82CE-4CB5-9C33-25CFE0AE4D1A,Megan Potts,16/10/1962,-469,10369.81
8AC73C1B-7D08-4DAA-B111-27239FDBC510,Hershel Rowe,17/10/1962,-470,10389.8
5511D998-0E18-4E6E-A287-8D42B110A2B7,Danial Brennan,18/10/1962,-471,10409.79
B583700C-8CBD-40FB-9FB6-3B29A0F192C0,Edith Hebert,19/10/1962,-472,10429.78
EEAB0409-DA04-46B9-903C-3A2B04464B42,Thomas Trevino,20/10/1962,-473,10449.77
1C4056EF-F17E-42F6-83BF-BA0FCC72DDB9,Carolina Key,21/10/1962,-474,10469.76
33773376-E4CC-4CD0-AA37-AD2C15CA3A5A,Sebastian Fuentes,22/10/1962,-475,10489.75
3BA6E494-55BD-4D4C-A30D-953F89EE636E,Bethany Montgomery,23/10/1962,-476,10509.74
E6A48982-DF69-4294-B4A0-440A787B4CC9,Ladonna Mcmillan,24/10/1962,-477,10529.73
E21DF82C-0189-4CF4-8041-6B0D0914A185,Jamel Conner,25/10/1962,-478,10549.72
C607A8D7-5B24-4E6D-8C96-8C6F02E39040,Elliot Frost,26/10/1962,-479,10569.71
3D594796-9327-43C2-B96A-58854238CBDE,Elmer Obrien,27/10/1962,-480,10589.7
502BF62E-5A68-488D-8A5F-074D8822184C,Lakisha Drake,28/10/1962,-481,10609.69
EE490C66-1E66-4F9B-BC8C-6806CE961E28,Von Ibarra,29/10/1962,-482,10629.68
EC93E683-6787-446F-9EA4-D91E26CF6A1D,Marcy Rich,30/10/1962,-483,10649.67
9629141F-0748-45EC-A256-8CB27B3F2001,Francisca Haas,31/10/1962,-484,10669.66
BD4EF1AB-684B-4A25-951E-6F479C583284,Gwendolyn Dorsey,01/11/1962,-485,10689.65
FCEBFB2B-50A4-4D16-92D5-50A35F99DA85,Kermit Hicks,02/11/1962,-486,10709.64
ED7A9F49-9CBD-441C-9A16-5052FFAFC046,Samuel Ellison,03/11/1962,-487,10729.63
896EC235-8168-48DB-92C2-20465C5B6E62,Brianna Osborne,04/11/1962,-488,10749.62
9555641D-11C3-4289-8F33-EB7DDD304203,Julie Atkinson,05/11/1962,-489,10769.61
15DF4223-134C-473F-BC01-A0F9114F55B5,Brendon French,06/11/1962,-490,10789.6
EB0D86F7-3B16-4519-AC57-179023EE2E56,Latoya Costa,07/11/1962,-491,10809.59
D7E240F3-B5ED-4AE8-B09B-1DAA485725C2,Terra Bowman,08/11/1962,-492,10829.58
49A26D0F-44C6-4219-BB61-A3E5F7782598,Emmanuel Manning,09/11/1962,-493,10849.57
4BC3CA67-95F8-4CAE-B614-18045C24611B,Denise Dixon,10/11/1962,-494,10869.56
91538A88-EAE7-4553-B0FF-298563F23DBB,Sam Leon,11/11/1962,-495,10889.55
DFE67DAE-8BDA-498C-93B6-5F88AFD2EAFF,Sue Walton,12/11/1962,-496,10909.54
1AE5F8FF-3303-499B-9C47-D77D5AD5D25A,Rubin Page,13/11/1962,-497,10929.53
22C3CD9B-3285-4065-ADA5-3B805A21390C,Garland Wu,14/11/1962,-498,10949.52
2DBC3715-2C3E-4653-B027-2699CDCF45BF,Clare Dougherty,15/11/1962,-499,10969.51
0B96D0CC-EF81-465A-895A-D00E9F0517B3,Juana Turner,16/11/1962,-500,10989.5
7EBFFAEA-E00E-4E1A-9E92-7A7F151FE64E,Mason Powell,17/11/1962,-501,11009.49
DCC0EDD1-3604-4BB6-A533-68DA5DDD2C9D,Nicky Petersen,18/11/1962,-502,11029.48
088DC241-6B86-4CD9-822A-04B33390177F,Gerry Osborn,19/11/1962,-503,11049.47
D0E5AC4D-9606-40FE-A947-FB6768ECB786,Kristie Grant,20/11/1962,-504,11069.46
AD43CA28-C8A7-4F6B-A8C9-19F77901E29B,Jeff Cochran,21/11/1962,-505,11089.45
2A521197-1CB6-4B6A-8B74-06A65EF6B0E7,Tyson Russell,22/11/1962,-506,11109.44
1614FDCC-FA92-43CA-AC1D-F22ABFB2AB71,Woodrow Frazier,23/11/1962,-507,11129.43
81C22249-F0D0-43BF-8CB4-7FC99F173753,Nola Meyer,24/11/1962,-508,11149.42
D018FE99-BA26-4224-ADE4-3BE64189ED8A,Abram Henson,25/11/1962,-509,11169.41
D8D47780-B864-4AAD-A566-2F078C046A92,Francisco Espinoza,26/11/1962,-510,11189.4
98213B8E-90E1-4135-AF56-782777D54EFF,Wilbert Garrett,27/11/1962,-511,11209.39
D8F73F59-D10B-4F58-BE10-62C0927960C5,Carl Clark,28/11/1962,-512,11229.38
44A94373-FAE8-4BE9-B68F-5491E5E33B99,Gaston Diaz,29/11/1962,-513,11249.37
1AA7676D-3EF3-48C2-9CA7-5A9B1548181B,Jessie Higgins,30/11/1962,-514,11269.36
AC79EB9E-F520-425C-9EBF-5B4F36E2D479,Jerome Benton,01/12/1962,-515,11289.35
A8137FE8-4C88-4AE7-AE0E-6EFA3D587087,Ernie Erickson,02/12/1962,-516,11309.34
7D441290-EA20-410C-B144-FD8B73AB7476,Hazel Middleton,03/12/1962,-517,11329.33
753B9D28-00E5-460B-9CD6-41649EB74020,Alexandra Day,04/12/1962,-518,11349.32
2563DE16-2242-4E35-A8BE-056E24768215,Rod Moon,05/12/1962,-519,11369.31
3151DAA3-94C5-439E-9072-038DE0087DAD,Jim Pearson,06/12/1962,-520,11389.3
96BDBCD2-782C-4BAB-AFA1-6C7295828F1F,Glenn Pitts,07/12/1962,-521,11409.29
754723EB-C635-47CF-A338-2BE0F5F060CB,Luella Wells,08/12/1962,-522,11429.28
7E9C97E2-0F33-4F6A-8935-73032B42DACF,Zane Anderson,09/12/1962,-523,11449.27
FC4E3E16-FEBE-4C94-A6E3-5C0145DBFD0E,Evelyn Campos,10/12/1962,-524,11469.26
EE248AB8-581A-4DD1-AA31-213C5E93E12F,Alisa Gates,11/12/1962,-525,11489.25
48471FAA-3079-4363-9246-63AE6A497C02,Lester Ryan,12/12/1962,-526,11509.24
448087BF-F547-42D8-B711-4DC65A2868C6,Kerry Bradford,13/12/1962,-527,11529.23
C4ED251B-418F-45A0-9A92-C13107C6F014,Vanessa Jennings,14/12/1962,-528,11549.22
8577A230-6A6F-43B9-9BF5-90B7FE1EFE7C,Margarito Oconnor,15/12/1962,-529,11569.21
808E3684-ED50-46E6-BEDD-02BD477691FA,Romeo Duarte,16/12/1962,-530,11589.2
978B19EE-4967-4BD1-995A-C6086C9DCC39,Lou Morse,17/12/1962,-531,11609.19
621F4525-5828-44DF-827C-3C74B3083822,Eusebio Schwartz,18/12/1962,-532,11629.18
9F06C953-BBB7-41BA-8AFA-308311CF1042,Cristina Ramsey,19/12/1962,-533,11649.17
4F630404-D173-4BAD-9F35-89B0A90A2B91,Sarah Palmer,20/12/1962,-534,11669.16
A44E8500-2B88-4B53-8B8E-92A9D5FBECAF,Silas Mccann,21/12/1962,-535,11689.15
58BA0FBC-F52D-463D-A71C-5DBE82FF57AB,Susanna Fleming,22/12/1962,-536,11709.14
07356B78-A3C1-4917-9E50-B21B67CCFA0A,Michelle Steele,23/12/1962,-537,11729.13
E3F86248-8B21-405E-A8F9-404935B2EC0F,Jonas Yang,24/12/1962,-538,11749.12
D2B3F737-99F9-4121-A60F-B93B2B4B9400,Karla Ferguson,25/12/1962,-539,11769.11
4E482C47-03FA-4EEA-8494-E6571A3B2F2D,Tia Kim,26/12/1962,-540,11789.1
2AE2B10F-D504-4485-98C7-A8720214527E,Cynthia Oneill,27/12/1962,-541,11809.09
C6DC6AA9-F189-4CCB-BFDE-71F8F136AF79,Lorie Holder,28/12/1962,-542,11829.08
95270555-D539-4F46-9CBE-90B3460FC6BC,Lorraine Tucker,29/12/1962,-543,11849.07
33D5934F-7B72-4FA5-8EAF-9E9998A18770,Kirsten Jacobs,30/12/1962,-544,11869.06
B9B1F582-8905-4A66-914A-287C225C099C,Barbra Scott,31/12/1962,-545,11889.05
95524B57-06CD-4341-8B0C-923214019050,Lavonne Pineda,01/01/1963,-546,11909.04
178763BF-D54A-4AB2-8FB5-CA0A742EBBC7,Terrell Hensley,02/01/1963,-547,11929.03
3563C487-6CC1-4267-BB96-D3DEE9B9F5A7,Cedric Bradley,03/01/1963,-548,11949.02
6EB4E979-B187-47F1-B93B-F2435C8EB9B0,Samual Moses,04/01/1963,-549,11969.01